label_1,mm_x_1,mm_y_1,row,col,xu_1,yu_1,image_path_1,label_2,mm_x_2,mm_y_2,xu_2,yu_2,image_path_2,_merge,dx_px,dy_px,err_px
P01_-79.940_29.960,-79.94,29.96,0,0,575.7009559574714,648.9533162666357,C:\Users\Moon\Desktop\OPTİK KISIM\Gimbal\kods\GZGSG-Distortion-Measurement\olcum_15x15_tarih_2026-08-07_11-45-14\P01_-79.940_29.960.png,P01_-79.940_29.960,-79.94,29.96,572.9902485858714,647.4409675068538,C:\Users\Moon\Desktop\OPTİK KISIM\Gimbal\kods\GZGSG-Distortion-Measurement\olcum_15x15_tarih_2026-08-07_09-57-14\P01_-79.940_29.960.png,both,-2.7107073715999377,-1.5123487597819576,3.1040510990736396
P02_-68.520_29.960,-68.52,29.96,0,1,632.0616010293645,646.1743869001118,C:\Users\Moon\Desktop\OPTİK KISIM\Gimbal\kods\GZGSG-Distortion-Measurement\olcum_15x15_tarih_2026-08-07_11-45-14\P02_-68.520_29.960.png,P02_-68.520_29.960,-68.52,29.96,629.5412478905631,644.5340123355386,C:\Users\Moon\Desktop\OPTİK KISIM\Gimbal\kods\GZGSG-Distortion-Measurement\olcum_15x15_tarih_2026-08-07_09-57-14\P02_-68.520_29.960.png,both,-2.520353138801397,-1.6403745645732215,3.0071595661628665
P03_-57.100_29.960,-57.1,29.96,0,2,692.1156324730076,644.4767933589194,C:\Users\Moon\Desktop\OPTİK KISIM\Gimbal\kods\GZGSG-Distortion-Measurement\olcum_15x15_tarih_2026-08-07_11-45-14\P03_-57.100_29.960.png,P03_-57.100_29.960,-57.1,29.96,689.8540650189506,642.7038345878041,C:\Users\Moon\Desktop\OPTİK KISIM\Gimbal\kods\GZGSG-Distortion-Measurement\olcum_15x15_tarih_2026-08-07_09-57-14\P03_-57.100_29.960.png,both,-2.261567454057058,-1.7729587711153272,2.873685813258801
P04_-45.680_29.960,-45.68,29.96,0,3,755.7767713864499,643.5716415086955,C:\Users\Moon\Desktop\OPTİK KISIM\Gimbal\kods\GZGSG-Distortion-Measurement\olcum_15x15_tarih_2026-08-07_11-45-14\P04_-45.680_29.960.png,P04_-45.680_29.960,-45.68,29.96,753.4433779665179,641.8359152691713,C:\Users\Moon\Desktop\OPTİK KISIM\Gimbal\kods\GZGSG-Distortion-Measurement\olcum_15x15_tarih_2026-08-07_09-57-14\P04_-45.680_29.960.png,both,-2.3333934199320083,-1.7357262395241833,2.908173040029557
P05_-34.260_29.960,-34.26,29.96,0,4,821.7118641147996,641.9305931196059,C:\Users\Moon\Desktop\OPTİK KISIM\Gimbal\kods\GZGSG-Distortion-Measurement\olcum_15x15_tarih_2026-08-07_11-45-14\P05_-34.260_29.960.png,P05_-34.260_29.960,-34.26,29.96,819.6862122994088,639.8256287827578,C:\Users\Moon\Desktop\OPTİK KISIM\Gimbal\kods\GZGSG-Distortion-Measurement\olcum_15x15_tarih_2026-08-07_09-57-14\P05_-34.260_29.960.png,both,-2.025651815390802,-2.10496433684807,2.921325065205563
P06_-22.840_29.960,-22.84,29.96,0,5,888.198353214943,642.6387625223206,C:\Users\Moon\Desktop\OPTİK KISIM\Gimbal\kods\GZGSG-Distortion-Measurement\olcum_15x15_tarih_2026-08-07_11-45-14\P06_-22.840_29.960.png,P06_-22.840_29.960,-22.84,29.96,886.6278812974465,641.058727537979,C:\Users\Moon\Desktop\OPTİK KISIM\Gimbal\kods\GZGSG-Distortion-Measurement\olcum_15x15_tarih_2026-08-07_09-57-14\P06_-22.840_29.960.png,both,-1.5704719174965476,-1.5800349843415233,2.227755057314067
P07_-11.420_29.960,-11.42,29.96,0,6,957.3939720503372,642.9902511721265,C:\Users\Moon\Desktop\OPTİK KISIM\Gimbal\kods\GZGSG-Distortion-Measurement\olcum_15x15_tarih_2026-08-07_11-45-14\P07_-11.420_29.960.png,P07_-11.420_29.960,-11.42,29.96,956.2458471716144,641.0030402776304,C:\Users\Moon\Desktop\OPTİK KISIM\Gimbal\kods\GZGSG-Distortion-Measurement\olcum_15x15_tarih_2026-08-07_09-57-14\P07_-11.420_29.960.png,both,-1.148124878722797,-1.9872108944961155,2.295037663382954
P08_0.000_29.960,0.0,29.96,0,7,1029.018432086452,642.9150681217379,C:\Users\Moon\Desktop\OPTİK KISIM\Gimbal\kods\GZGSG-Distortion-Measurement\olcum_15x15_tarih_2026-08-07_11-45-14\P08_0.000_29.960.png,P08_0.000_29.960,0.0,29.96,1027.366440062611,640.9559240145717,C:\Users\Moon\Desktop\OPTİK KISIM\Gimbal\kods\GZGSG-Distortion-Measurement\olcum_15x15_tarih_2026-08-07_09-57-14\P08_0.000_29.960.png,both,-1.6519920238411032,-1.959144107166253,2.562678926334487
P09_11.420_29.960,11.42,29.96,0,8,1099.046445553736,644.139476966855,C:\Users\Moon\Desktop\OPTİK KISIM\Gimbal\kods\GZGSG-Distortion-Measurement\olcum_15x15_tarih_2026-08-07_11-45-14\P09_11.420_29.960.png,P09_11.420_29.960,11.42,29.96,1097.3843126645895,642.31333950479,C:\Users\Moon\Desktop\OPTİK KISIM\Gimbal\kods\GZGSG-Distortion-Measurement\olcum_15x15_tarih_2026-08-07_09-57-14\P09_11.420_29.960.png,both,-1.6621328891465055,-1.8261374620650486,2.4693043092215032
P10_22.840_29.960,22.84,29.96,0,9,1170.1832755184885,644.1606945162005,C:\Users\Moon\Desktop\OPTİK KISIM\Gimbal\kods\GZGSG-Distortion-Measurement\olcum_15x15_tarih_2026-08-07_11-45-14\P10_22.840_29.960.png,P10_22.840_29.960,22.84,29.96,1167.800393318743,642.3800842383449,C:\Users\Moon\Desktop\OPTİK KISIM\Gimbal\kods\GZGSG-Distortion-Measurement\olcum_15x15_tarih_2026-08-07_09-57-14\P10_22.840_29.960.png,both,-2.3828821997453815,-1.7806102778555442,2.9746765436712925
P11_34.260_29.960,34.26,29.96,0,10,1238.7487647324635,645.2067878599314,C:\Users\Moon\Desktop\OPTİK KISIM\Gimbal\kods\GZGSG-Distortion-Measurement\olcum_15x15_tarih_2026-08-07_11-45-14\P11_34.260_29.960.png,P11_34.260_29.960,34.26,29.96,1236.8632220462384,643.8133807445989,C:\Users\Moon\Desktop\OPTİK KISIM\Gimbal\kods\GZGSG-Distortion-Measurement\olcum_15x15_tarih_2026-08-07_09-57-14\P11_34.260_29.960.png,both,-1.885542686225108,-1.3934071153324794,2.344537184741623
P12_45.680_29.960,45.68,29.96,0,11,1304.6667263917236,649.3593656679599,C:\Users\Moon\Desktop\OPTİK KISIM\Gimbal\kods\GZGSG-Distortion-Measurement\olcum_15x15_tarih_2026-08-07_11-45-14\P12_45.680_29.960.png,P12_45.680_29.960,45.68,29.96,1302.7908857285377,647.4732058856338,C:\Users\Moon\Desktop\OPTİK KISIM\Gimbal\kods\GZGSG-Distortion-Measurement\olcum_15x15_tarih_2026-08-07_09-57-14\P12_45.680_29.960.png,both,-1.8758406631859543,-1.8861597823261036,2.6601460332332088
P13_57.100_29.960,57.1,29.96,0,12,1368.7769131504192,651.7011146331324,C:\Users\Moon\Desktop\OPTİK KISIM\Gimbal\kods\GZGSG-Distortion-Measurement\olcum_15x15_tarih_2026-08-07_11-45-14\P13_57.100_29.960.png,P13_57.100_29.960,57.1,29.96,1367.0021232600363,649.6045440790801,C:\Users\Moon\Desktop\OPTİK KISIM\Gimbal\kods\GZGSG-Distortion-Measurement\olcum_15x15_tarih_2026-08-07_09-57-14\P13_57.100_29.960.png,both,-1.7747898903828627,-2.0965705540522777,2.7469050298698514
P14_68.520_29.960,68.52,29.96,0,13,1431.9004223633146,655.2891680265485,C:\Users\Moon\Desktop\OPTİK KISIM\Gimbal\kods\GZGSG-Distortion-Measurement\olcum_15x15_tarih_2026-08-07_11-45-14\P14_68.520_29.960.png,P14_68.520_29.960,68.52,29.96,1429.5246750113283,653.4796620941687,C:\Users\Moon\Desktop\OPTİK KISIM\Gimbal\kods\GZGSG-Distortion-Measurement\olcum_15x15_tarih_2026-08-07_09-57-14\P14_68.520_29.960.png,both,-2.3757473519863197,-1.8095059323798068,2.986383632386791
P15_79.940_29.960,79.94,29.96,0,14,1491.0303661101334,657.7966436327739,C:\Users\Moon\Desktop\OPTİK KISIM\Gimbal\kods\GZGSG-Distortion-Measurement\olcum_15x15_tarih_2026-08-07_11-45-14\P15_79.940_29.960.png,P15_79.940_29.960,79.94,29.96,1489.0682182907497,656.1045935983349,C:\Users\Moon\Desktop\OPTİK KISIM\Gimbal\kods\GZGSG-Distortion-Measurement\olcum_15x15_tarih_2026-08-07_09-57-14\P15_79.940_29.960.png,both,-1.9621478193837447,-1.6920500344390348,2.5909568472202547
P16_-79.940_25.680,-79.94,25.68,1,0,569.7398882219002,698.1459147765917,C:\Users\Moon\Desktop\OPTİK KISIM\Gimbal\kods\GZGSG-Distortion-Measurement\olcum_15x15_tarih_2026-08-07_11-45-14\P16_-79.940_25.680.png,P16_-79.940_25.680,-79.94,25.68,568.7133889849024,696.620775861132,C:\Users\Moon\Desktop\OPTİK KISIM\Gimbal\kods\GZGSG-Distortion-Measurement\olcum_15x15_tarih_2026-08-07_09-57-14\P16_-79.940_25.680.png,both,-1.026499236997779,-1.5251389154597064,1.8384094742484962
P17_-68.520_25.680,-68.52,25.68,1,1,626.9903596647114,696.1754289398776,C:\Users\Moon\Desktop\OPTİK KISIM\Gimbal\kods\GZGSG-Distortion-Measurement\olcum_15x15_tarih_2026-08-07_11-45-14\P17_-68.520_25.680.png,P17_-68.520_25.680,-68.52,25.68,625.7821436875146,694.5208091141595,C:\Users\Moon\Desktop\OPTİK KISIM\Gimbal\kods\GZGSG-Distortion-Measurement\olcum_15x15_tarih_2026-08-07_09-57-14\P17_-68.520_25.680.png,both,-1.2082159771968008,-1.6546198257181004,2.0487929654342865
P18_-57.100_25.680,-57.1,25.68,1,2,687.5877319052759,694.3590558600249,C:\Users\Moon\Desktop\OPTİK KISIM\Gimbal\kods\GZGSG-Distortion-Measurement\olcum_15x15_tarih_2026-08-07_11-45-14\P18_-57.100_25.680.png,P18_-57.100_25.680,-57.1,25.68,686.5228340451495,692.6921903599756,C:\Users\Moon\Desktop\OPTİK KISIM\Gimbal\kods\GZGSG-Distortion-Measurement\olcum_15x15_tarih_2026-08-07_09-57-14\P18_-57.100_25.680.png,both,-1.0648978601263934,-1.6668655000493118,1.9779909119499044
P19_-45.680_25.680,-45.68,25.68,1,3,751.5946943189771,694.2585900997377,C:\Users\Moon\Desktop\OPTİK KISIM\Gimbal\kods\GZGSG-Distortion-Measurement\olcum_15x15_tarih_2026-08-07_11-45-14\P19_-45.680_25.680.png,P19_-45.680_25.680,-45.68,25.68,750.4515101063348,692.6951068833753,C:\Users\Moon\Desktop\OPTİK KISIM\Gimbal\kods\GZGSG-Distortion-Measurement\olcum_15x15_tarih_2026-08-07_09-57-14\P19_-45.680_25.680.png,both,-1.143184212642268,-1.5634832163624424,1.9368401874913608
P20_-34.260_25.680,-34.26,25.68,1,4,818.2547925828896,693.4640126706478,C:\Users\Moon\Desktop\OPTİK KISIM\Gimbal\kods\GZGSG-Distortion-Measurement\olcum_15x15_tarih_2026-08-07_11-45-14\P20_-34.260_25.680.png,P20_-34.260_25.680,-34.26,25.68,817.1337328520948,691.2062742605498,C:\Users\Moon\Desktop\OPTİK KISIM\Gimbal\kods\GZGSG-Distortion-Measurement\olcum_15x15_tarih_2026-08-07_09-57-14\P20_-34.260_25.680.png,both,-1.1210597307948547,-2.257738410098,2.5207454549084636
P21_-22.840_25.680,-22.84,25.68,1,5,886.7530790504665,692.2725725352608,C:\Users\Moon\Desktop\OPTİK KISIM\Gimbal\kods\GZGSG-Distortion-Measurement\olcum_15x15_tarih_2026-08-07_11-45-14\P21_-22.840_25.680.png,P21_-22.840_25.680,-22.84,25.68,885.1427561453122,690.4937205423827,C:\Users\Moon\Desktop\OPTİK KISIM\Gimbal\kods\GZGSG-Distortion-Measurement\olcum_15x15_tarih_2026-08-07_09-57-14\P21_-22.840_25.680.png,both,-1.6103229051542485,-1.778851992878117,2.399469581268091
P22_-11.420_25.680,-11.42,25.68,1,6,956.341776981022,694.1517701811246,C:\Users\Moon\Desktop\OPTİK KISIM\Gimbal\kods\GZGSG-Distortion-Measurement\olcum_15x15_tarih_2026-08-07_11-45-14\P22_-11.420_25.680.png,P22_-11.420_25.680,-11.42,25.68,955.0569058002432,692.6221043414688,C:\Users\Moon\Desktop\OPTİK KISIM\Gimbal\kods\GZGSG-Distortion-Measurement\olcum_15x15_tarih_2026-08-07_09-57-14\P22_-11.420_25.680.png,both,-1.2848711807788504,-1.5296658396557632,1.9976915508170445
P23_0.000_25.680,0.0,25.68,1,7,1028.4226442041447,693.7487976915678,C:\Users\Moon\Desktop\OPTİK KISIM\Gimbal\kods\GZGSG-Distortion-Measurement\olcum_15x15_tarih_2026-08-07_11-45-14\P23_0.000_25.680.png,P23_0.000_25.680,0.0,25.68,1026.8550464474015,692.5549878650933,C:\Users\Moon\Desktop\OPTİK KISIM\Gimbal\kods\GZGSG-Distortion-Measurement\olcum_15x15_tarih_2026-08-07_09-57-14\P23_0.000_25.680.png,both,-1.5675977567432255,-1.193809826474535,1.9704173742467743
P24_11.420_25.680,11.42,25.68,1,8,1098.4244670808762,695.4226613558396,C:\Users\Moon\Desktop\OPTİK KISIM\Gimbal\kods\GZGSG-Distortion-Measurement\olcum_15x15_tarih_2026-08-07_11-45-14\P24_11.420_25.680.png,P24_11.420_25.680,11.42,25.68,1096.1373668938852,694.0180495177227,C:\Users\Moon\Desktop\OPTİK KISIM\Gimbal\kods\GZGSG-Distortion-Measurement\olcum_15x15_tarih_2026-08-07_09-57-14\P24_11.420_25.680.png,both,-2.2871001869909833,-1.4046118381169208,2.683982429359847
P25_22.840_25.680,22.84,25.68,1,9,1171.1501472408347,695.0203405744527,C:\Users\Moon\Desktop\OPTİK KISIM\Gimbal\kods\GZGSG-Distortion-Measurement\olcum_15x15_tarih_2026-08-07_11-45-14\P25_22.840_25.680.png,P25_22.840_25.680,22.84,25.68,1168.819409118708,693.3663086780332,C:\Users\Moon\Desktop\OPTİK KISIM\Gimbal\kods\GZGSG-Distortion-Measurement\olcum_15x15_tarih_2026-08-07_09-57-14\P25_22.840_25.680.png,both,-2.330738122126604,-1.6540318964194967,2.8579995990740317
P26_34.260_25.680,34.26,25.68,1,10,1240.288294741188,696.7143951881543,C:\Users\Moon\Desktop\OPTİK KISIM\Gimbal\kods\GZGSG-Distortion-Measurement\olcum_15x15_tarih_2026-08-07_11-45-14\P26_34.260_25.680.png,P26_34.260_25.680,34.26,25.68,1237.9400235373234,695.020770006725,C:\Users\Moon\Desktop\OPTİK KISIM\Gimbal\kods\GZGSG-Distortion-Measurement\olcum_15x15_tarih_2026-08-07_09-57-14\P26_34.260_25.680.png,both,-2.3482712038646696,-1.6936251814292973,2.895296859058056
P27_45.680_25.680,45.68,25.68,1,11,1305.7544303575294,700.7333945694845,C:\Users\Moon\Desktop\OPTİK KISIM\Gimbal\kods\GZGSG-Distortion-Measurement\olcum_15x15_tarih_2026-08-07_11-45-14\P27_45.680_25.680.png,P27_45.680_25.680,45.68,25.68,1304.2078468830307,698.9490992869178,C:\Users\Moon\Desktop\OPTİK KISIM\Gimbal\kods\GZGSG-Distortion-Measurement\olcum_15x15_tarih_2026-08-07_09-57-14\P27_45.680_25.680.png,both,-1.546583474498675,-1.7842952825667453,2.3612772177324577
P28_57.100_25.680,57.1,25.68,1,12,1372.1233212916748,702.3908912359399,C:\Users\Moon\Desktop\OPTİK KISIM\Gimbal\kods\GZGSG-Distortion-Measurement\olcum_15x15_tarih_2026-08-07_11-45-14\P28_57.100_25.680.png,P28_57.100_25.680,57.1,25.68,1370.0913959099005,700.5729746792631,C:\Users\Moon\Desktop\OPTİK KISIM\Gimbal\kods\GZGSG-Distortion-Measurement\olcum_15x15_tarih_2026-08-07_09-57-14\P28_57.100_25.680.png,both,-2.031925381774272,-1.8179165566767779,2.7264521569501405
P29_68.520_25.680,68.52,25.68,1,13,1434.573209237594,705.1750706736833,C:\Users\Moon\Desktop\OPTİK KISIM\Gimbal\kods\GZGSG-Distortion-Measurement\olcum_15x15_tarih_2026-08-07_11-45-14\P29_68.520_25.680.png,P29_68.520_25.680,68.52,25.68,1432.6390025749745,703.666899973845,C:\Users\Moon\Desktop\OPTİK KISIM\Gimbal\kods\GZGSG-Distortion-Measurement\olcum_15x15_tarih_2026-08-07_09-57-14\P29_68.520_25.680.png,both,-1.9342066626195447,-1.5081706998382742,2.452699385080142
P30_79.940_25.680,79.94,25.68,1,14,1494.1399741659325,707.8023964070109,C:\Users\Moon\Desktop\OPTİK KISIM\Gimbal\kods\GZGSG-Distortion-Measurement\olcum_15x15_tarih_2026-08-07_11-45-14\P30_79.940_25.680.png,P30_79.940_25.680,79.94,25.68,1492.4631346695496,706.6269427531714,C:\Users\Moon\Desktop\OPTİK KISIM\Gimbal\kods\GZGSG-Distortion-Measurement\olcum_15x15_tarih_2026-08-07_09-57-14\P30_79.940_25.680.png,both,-1.6768394963828541,-1.1754536538394404,2.047799303875747
P31_-79.940_21.400,-79.94,21.4,2,0,565.9538559305785,749.3562017563562,C:\Users\Moon\Desktop\OPTİK KISIM\Gimbal\kods\GZGSG-Distortion-Measurement\olcum_15x15_tarih_2026-08-07_11-45-14\P31_-79.940_21.400.png,P31_-79.940_21.400,-79.94,21.4,564.4981492249744,747.9152375414417,C:\Users\Moon\Desktop\OPTİK KISIM\Gimbal\kods\GZGSG-Distortion-Measurement\olcum_15x15_tarih_2026-08-07_09-57-14\P31_-79.940_21.400.png,both,-1.4557067056040296,-1.4409642149145157,2.048282178169
P32_-68.520_21.400,-68.52,21.4,2,1,623.3639971327357,748.532957957178,C:\Users\Moon\Desktop\OPTİK KISIM\Gimbal\kods\GZGSG-Distortion-Measurement\olcum_15x15_tarih_2026-08-07_11-45-14\P32_-68.520_21.400.png,P32_-68.520_21.400,-68.52,21.4,622.0571513297119,746.6895901009584,C:\Users\Moon\Desktop\OPTİK KISIM\Gimbal\kods\GZGSG-Distortion-Measurement\olcum_15x15_tarih_2026-08-07_09-57-14\P32_-68.520_21.400.png,both,-1.306845803023748,-1.8433678562196292,2.2596130213433754
P33_-57.100_21.400,-57.1,21.4,2,2,684.9534769451551,747.3496755475136,C:\Users\Moon\Desktop\OPTİK KISIM\Gimbal\kods\GZGSG-Distortion-Measurement\olcum_15x15_tarih_2026-08-07_11-45-14\P33_-57.100_21.400.png,P33_-57.100_21.400,-57.1,21.4,683.1204175339142,745.6759405495299,C:\Users\Moon\Desktop\OPTİK KISIM\Gimbal\kods\GZGSG-Distortion-Measurement\olcum_15x15_tarih_2026-08-07_09-57-14\P33_-57.100_21.400.png,both,-1.8330594112409244,-1.673734997983729,2.4822360179109717
P34_-45.680_21.400,-45.68,21.4,2,3,749.0454449536353,746.1639267242924,C:\Users\Moon\Desktop\OPTİK KISIM\Gimbal\kods\GZGSG-Distortion-Measurement\olcum_15x15_tarih_2026-08-07_11-45-14\P34_-45.680_21.400.png,P34_-45.680_21.400,-45.68,21.4,747.7031069195803,744.4918900986931,C:\Users\Moon\Desktop\OPTİK KISIM\Gimbal\kods\GZGSG-Distortion-Measurement\olcum_15x15_tarih_2026-08-07_09-57-14\P34_-45.680_21.400.png,both,-1.3423380340550466,-1.6720366255992758,2.1441963238043713
P35_-34.260_21.400,-34.26,21.4,2,4,816.0168929061804,745.498560900528,C:\Users\Moon\Desktop\OPTİK KISIM\Gimbal\kods\GZGSG-Distortion-Measurement\olcum_15x15_tarih_2026-08-07_11-45-14\P35_-34.260_21.400.png,P35_-34.260_21.400,-34.26,21.4,814.4833260380886,743.7306830574742,C:\Users\Moon\Desktop\OPTİK KISIM\Gimbal\kods\GZGSG-Distortion-Measurement\olcum_15x15_tarih_2026-08-07_09-57-14\P35_-34.260_21.400.png,both,-1.5335668680917252,-1.7678778430538387,2.340346001528269
P36_-22.840_21.400,-22.84,21.4,2,5,885.558519492148,745.7751027412986,C:\Users\Moon\Desktop\OPTİK KISIM\Gimbal\kods\GZGSG-Distortion-Measurement\olcum_15x15_tarih_2026-08-07_11-45-14\P36_-22.840_21.400.png,P36_-22.840_21.400,-22.84,21.4,883.6362351813494,744.0094944030673,C:\Users\Moon\Desktop\OPTİK KISIM\Gimbal\kods\GZGSG-Distortion-Measurement\olcum_15x15_tarih_2026-08-07_09-57-14\P36_-22.840_21.400.png,both,-1.9222843107985454,-1.7656083382313454,2.6100861624809037
P37_-11.420_21.400,-11.42,21.4,2,6,955.8783631055786,747.2799709266337,C:\Users\Moon\Desktop\OPTİK KISIM\Gimbal\kods\GZGSG-Distortion-Measurement\olcum_15x15_tarih_2026-08-07_11-45-14\P37_-11.420_21.400.png,P37_-11.420_21.400,-11.42,21.4,954.5147643468712,745.3625751182913,C:\Users\Moon\Desktop\OPTİK KISIM\Gimbal\kods\GZGSG-Distortion-Measurement\olcum_15x15_tarih_2026-08-07_09-57-14\P37_-11.420_21.400.png,both,-1.3635987587074396,-1.9173958083424623,2.352829840978245
P38_0.000_21.400,0.0,21.4,2,7,1027.368696075312,746.8892159982033,C:\Users\Moon\Desktop\OPTİK KISIM\Gimbal\kods\GZGSG-Distortion-Measurement\olcum_15x15_tarih_2026-08-07_11-45-14\P38_0.000_21.400.png,P38_0.000_21.400,0.0,21.4,1025.5960770661943,745.1792053860389,C:\Users\Moon\Desktop\OPTİK KISIM\Gimbal\kods\GZGSG-Distortion-Measurement\olcum_15x15_tarih_2026-08-07_09-57-14\P38_0.000_21.400.png,both,-1.7726190091177614,-1.7100106121644103,2.4629889251071626
P39_11.420_21.400,11.42,21.4,2,8,1098.4724246591254,749.3897754480361,C:\Users\Moon\Desktop\OPTİK KISIM\Gimbal\kods\GZGSG-Distortion-Measurement\olcum_15x15_tarih_2026-08-07_11-45-14\P39_11.420_21.400.png,P39_11.420_21.400,11.42,21.4,1097.1299926105935,747.3406325941387,C:\Users\Moon\Desktop\OPTİK KISIM\Gimbal\kods\GZGSG-Distortion-Measurement\olcum_15x15_tarih_2026-08-07_09-57-14\P39_11.420_21.400.png,both,-1.3424320485319186,-2.049142853897365,2.4497163592147237
P40_22.840_21.400,22.84,21.4,2,9,1171.744193308038,747.3870036909586,C:\Users\Moon\Desktop\OPTİK KISIM\Gimbal\kods\GZGSG-Distortion-Measurement\olcum_15x15_tarih_2026-08-07_11-45-14\P40_22.840_21.400.png,P40_22.840_21.400,22.84,21.4,1169.6622984384824,745.7648059572155,C:\Users\Moon\Desktop\OPTİK KISIM\Gimbal\kods\GZGSG-Distortion-Measurement\olcum_15x15_tarih_2026-08-07_09-57-14\P40_22.840_21.400.png,both,-2.0818948695555264,-1.622197733743178,2.6392824280935008
P41_34.260_21.400,34.26,21.4,2,10,1241.748109942591,750.0165491181676,C:\Users\Moon\Desktop\OPTİK KISIM\Gimbal\kods\GZGSG-Distortion-Measurement\olcum_15x15_tarih_2026-08-07_11-45-14\P41_34.260_21.400.png,P41_34.260_21.400,34.26,21.4,1239.452285719651,748.2040502077683,C:\Users\Moon\Desktop\OPTİK KISIM\Gimbal\kods\GZGSG-Distortion-Measurement\olcum_15x15_tarih_2026-08-07_09-57-14\P41_34.260_21.400.png,both,-2.295824222940155,-1.812498910399313,2.9250574631684523
P42_45.680_21.400,45.68,21.4,2,11,1307.4591288679442,753.2809435531377,C:\Users\Moon\Desktop\OPTİK KISIM\Gimbal\kods\GZGSG-Distortion-Measurement\olcum_15x15_tarih_2026-08-07_11-45-14\P42_45.680_21.400.png,P42_45.680_21.400,45.68,21.4,1305.6786727309805,751.4557165015666,C:\Users\Moon\Desktop\OPTİK KISIM\Gimbal\kods\GZGSG-Distortion-Measurement\olcum_15x15_tarih_2026-08-07_09-57-14\P42_45.680_21.400.png,both,-1.7804561369637213,-1.8252270515711189,2.5497995696600895
P43_57.100_21.400,57.1,21.4,2,12,1374.0245484968082,754.9104359529309,C:\Users\Moon\Desktop\OPTİK KISIM\Gimbal\kods\GZGSG-Distortion-Measurement\olcum_15x15_tarih_2026-08-07_11-45-14\P43_57.100_21.400.png,P43_57.100_21.400,57.1,21.4,1372.081766466795,753.1620813775764,C:\Users\Moon\Desktop\OPTİK KISIM\Gimbal\kods\GZGSG-Distortion-Measurement\olcum_15x15_tarih_2026-08-07_09-57-14\P43_57.100_21.400.png,both,-1.942782030013177,-1.7483545753544831,2.61364606198029
P44_68.520_21.400,68.52,21.4,2,13,1436.9831075014283,757.3669904497592,C:\Users\Moon\Desktop\OPTİK KISIM\Gimbal\kods\GZGSG-Distortion-Measurement\olcum_15x15_tarih_2026-08-07_11-45-14\P44_68.520_21.400.png,P44_68.520_21.400,68.52,21.4,1435.2516098126157,755.7367371493505,C:\Users\Moon\Desktop\OPTİK KISIM\Gimbal\kods\GZGSG-Distortion-Measurement\olcum_15x15_tarih_2026-08-07_09-57-14\P44_68.520_21.400.png,both,-1.731497688812624,-1.6302533004087536,2.378194708146726
P45_79.940_21.400,79.94,21.4,2,14,1497.397586974481,760.0516167156233,C:\Users\Moon\Desktop\OPTİK KISIM\Gimbal\kods\GZGSG-Distortion-Measurement\olcum_15x15_tarih_2026-08-07_11-45-14\P45_79.940_21.400.png,P45_79.940_21.400,79.94,21.4,1495.5702153818131,758.1287130215685,C:\Users\Moon\Desktop\OPTİK KISIM\Gimbal\kods\GZGSG-Distortion-Measurement\olcum_15x15_tarih_2026-08-07_09-57-14\P45_79.940_21.400.png,both,-1.827371592667987,-1.922903694054753,2.6527053274533436
P46_-79.940_17.120,-79.94,17.12,3,0,563.0888752481454,801.7957240622715,C:\Users\Moon\Desktop\OPTİK KISIM\Gimbal\kods\GZGSG-Distortion-Measurement\olcum_15x15_tarih_2026-08-07_11-45-14\P46_-79.940_17.120.png,P46_-79.940_17.120,-79.94,17.12,561.9941813663042,799.716371892365,C:\Users\Moon\Desktop\OPTİK KISIM\Gimbal\kods\GZGSG-Distortion-Measurement\olcum_15x15_tarih_2026-08-07_09-57-14\P46_-79.940_17.120.png,both,-1.0946938818411809,-2.0793521699064286,2.3499064112077073
P47_-68.520_17.120,-68.52,17.12,3,1,621.2698130778315,800.9778131930377,C:\Users\Moon\Desktop\OPTİK KISIM\Gimbal\kods\GZGSG-Distortion-Measurement\olcum_15x15_tarih_2026-08-07_11-45-14\P47_-68.520_17.120.png,P47_-68.520_17.120,-68.52,17.12,619.3421472686418,798.8073806220301,C:\Users\Moon\Desktop\OPTİK KISIM\Gimbal\kods\GZGSG-Distortion-Measurement\olcum_15x15_tarih_2026-08-07_09-57-14\P47_-68.520_17.120.png,both,-1.927665809189648,-2.170432571007609,2.9028732347812713
P48_-57.100_17.120,-57.1,17.12,3,2,682.1487570607201,800.6390719835678,C:\Users\Moon\Desktop\OPTİK KISIM\Gimbal\kods\GZGSG-Distortion-Measurement\olcum_15x15_tarih_2026-08-07_11-45-14\P48_-57.100_17.120.png,P48_-57.100_17.120,-57.1,17.12,681.686240726216,798.4878621115297,C:\Users\Moon\Desktop\OPTİK KISIM\Gimbal\kods\GZGSG-Distortion-Measurement\olcum_15x15_tarih_2026-08-07_09-57-14\P48_-57.100_17.120.png,both,-0.4625163345040164,-2.1512098720380664,2.2003693492768583
P49_-45.680_17.120,-45.68,17.12,3,3,747.0954172989378,800.0126960040466,C:\Users\Moon\Desktop\OPTİK KISIM\Gimbal\kods\GZGSG-Distortion-Measurement\olcum_15x15_tarih_2026-08-07_11-45-14\P49_-45.680_17.120.png,P49_-45.680_17.120,-45.68,17.12,745.7420899891068,797.948735645565,C:\Users\Moon\Desktop\OPTİK KISIM\Gimbal\kods\GZGSG-Distortion-Measurement\olcum_15x15_tarih_2026-08-07_09-57-14\P49_-45.680_17.120.png,both,-1.353327309831002,-2.0639603584816086,2.468081677926796
P50_-34.260_17.120,-34.26,17.12,3,4,813.3201915562281,800.0038327873759,C:\Users\Moon\Desktop\OPTİK KISIM\Gimbal\kods\GZGSG-Distortion-Measurement\olcum_15x15_tarih_2026-08-07_11-45-14\P50_-34.260_17.120.png,P50_-34.260_17.120,-34.26,17.12,812.8975242735839,797.8244778044499,C:\Users\Moon\Desktop\OPTİK KISIM\Gimbal\kods\GZGSG-Distortion-Measurement\olcum_15x15_tarih_2026-08-07_09-57-14\P50_-34.260_17.120.png,both,-0.42266728264417,-2.179354982926043,2.2199630117239293
P51_-22.840_17.120,-22.84,17.12,3,5,883.758085086215,799.8002188768344,C:\Users\Moon\Desktop\OPTİK KISIM\Gimbal\kods\GZGSG-Distortion-Measurement\olcum_15x15_tarih_2026-08-07_11-45-14\P51_-22.840_17.120.png,P51_-22.840_17.120,-22.84,17.12,882.4632080181665,797.5858318525636,C:\Users\Moon\Desktop\OPTİK KISIM\Gimbal\kods\GZGSG-Distortion-Measurement\olcum_15x15_tarih_2026-08-07_09-57-14\P51_-22.840_17.120.png,both,-1.2948770680485495,-2.2143870242707635,2.565193270421692
P52_-11.420_17.120,-11.42,17.12,3,6,954.8561162400335,801.562669286232,C:\Users\Moon\Desktop\OPTİK KISIM\Gimbal\kods\GZGSG-Distortion-Measurement\olcum_15x15_tarih_2026-08-07_11-45-14\P52_-11.420_17.120.png,P52_-11.420_17.120,-11.42,17.12,952.5799799310452,799.463213348428,C:\Users\Moon\Desktop\OPTİK KISIM\Gimbal\kods\GZGSG-Distortion-Measurement\olcum_15x15_tarih_2026-08-07_09-57-14\P52_-11.420_17.120.png,both,-2.2761363089883844,-2.0994559378040094,3.0965322106956648
P53_0.000_17.120,0.0,17.12,3,7,1027.6614066027971,801.503860219423,C:\Users\Moon\Desktop\OPTİK KISIM\Gimbal\kods\GZGSG-Distortion-Measurement\olcum_15x15_tarih_2026-08-07_11-45-14\P53_0.000_17.120.png,P53_0.000_17.120,0.0,17.12,1025.879233175287,799.6929759837841,C:\Users\Moon\Desktop\OPTİK KISIM\Gimbal\kods\GZGSG-Distortion-Measurement\olcum_15x15_tarih_2026-08-07_09-57-14\P53_0.000_17.120.png,both,-1.782173427510088,-1.8108842356389232,2.540756548866621
P54_11.420_17.120,11.42,17.12,3,8,1099.8765912924844,802.7314522051481,C:\Users\Moon\Desktop\OPTİK KISIM\Gimbal\kods\GZGSG-Distortion-Measurement\olcum_15x15_tarih_2026-08-07_11-45-14\P54_11.420_17.120.png,P54_11.420_17.120,11.42,17.12,1097.8769703502862,800.5906427624878,C:\Users\Moon\Desktop\OPTİK KISIM\Gimbal\kods\GZGSG-Distortion-Measurement\olcum_15x15_tarih_2026-08-07_09-57-14\P54_11.420_17.120.png,both,-1.9996209421981348,-2.14080944266027,2.9294280981551215
P55_22.840_17.120,22.84,17.12,3,9,1171.620228078498,802.838672226106,C:\Users\Moon\Desktop\OPTİK KISIM\Gimbal\kods\GZGSG-Distortion-Measurement\olcum_15x15_tarih_2026-08-07_11-45-14\P55_22.840_17.120.png,P55_22.840_17.120,22.84,17.12,1169.8166070361303,800.983769577783,C:\Users\Moon\Desktop\OPTİK KISIM\Gimbal\kods\GZGSG-Distortion-Measurement\olcum_15x15_tarih_2026-08-07_09-57-14\P55_22.840_17.120.png,both,-1.8036210423676948,-1.854902648322991,2.5872210379531113
P56_34.260_17.120,34.26,17.12,3,10,1242.5799143674192,804.5185361013552,C:\Users\Moon\Desktop\OPTİK KISIM\Gimbal\kods\GZGSG-Distortion-Measurement\olcum_15x15_tarih_2026-08-07_11-45-14\P56_34.260_17.120.png,P56_34.260_17.120,34.26,17.12,1240.511083283965,802.5829989864305,C:\Users\Moon\Desktop\OPTİK KISIM\Gimbal\kods\GZGSG-Distortion-Measurement\olcum_15x15_tarih_2026-08-07_09-57-14\P56_34.260_17.120.png,both,-2.0688310834541426,-1.9355371149246139,2.8330841807325
P57_45.680_17.120,45.68,17.12,3,11,1309.0409210739158,806.8916771956823,C:\Users\Moon\Desktop\OPTİK KISIM\Gimbal\kods\GZGSG-Distortion-Measurement\olcum_15x15_tarih_2026-08-07_11-45-14\P57_45.680_17.120.png,P57_45.680_17.120,45.68,17.12,1307.2761140782336,804.9807308268772,C:\Users\Moon\Desktop\OPTİK KISIM\Gimbal\kods\GZGSG-Distortion-Measurement\olcum_15x15_tarih_2026-08-07_09-57-14\P57_45.680_17.120.png,both,-1.7648069956821928,-1.910946368805071,2.601203520768433
P58_57.100_17.120,57.1,17.12,3,12,1375.1125111342042,808.1557056611243,C:\Users\Moon\Desktop\OPTİK KISIM\Gimbal\kods\GZGSG-Distortion-Measurement\olcum_15x15_tarih_2026-08-07_11-45-14\P58_57.100_17.120.png,P58_57.100_17.120,57.1,17.12,1374.0505210750073,806.2186006847339,C:\Users\Moon\Desktop\OPTİK KISIM\Gimbal\kods\GZGSG-Distortion-Measurement\olcum_15x15_tarih_2026-08-07_09-57-14\P58_57.100_17.120.png,both,-1.0619900591968872,-1.9371049763904011,2.2091171484078123
P59_68.520_17.120,68.52,17.12,3,13,1439.0130409485785,810.3726233707174,C:\Users\Moon\Desktop\OPTİK KISIM\Gimbal\kods\GZGSG-Distortion-Measurement\olcum_15x15_tarih_2026-08-07_11-45-14\P59_68.520_17.120.png,P59_68.520_17.120,68.52,17.12,1437.8775361304158,808.6652860585604,C:\Users\Moon\Desktop\OPTİK KISIM\Gimbal\kods\GZGSG-Distortion-Measurement\olcum_15x15_tarih_2026-08-07_09-57-14\P59_68.520_17.120.png,both,-1.1355048181626444,-1.7073373121570512,2.050456507598794
P60_79.940_17.120,79.94,17.12,3,14,1499.7102841470714,812.4194127720002,C:\Users\Moon\Desktop\OPTİK KISIM\Gimbal\kods\GZGSG-Distortion-Measurement\olcum_15x15_tarih_2026-08-07_11-45-14\P60_79.940_17.120.png,P60_79.940_17.120,79.94,17.12,1498.1825588038053,810.4577506768337,C:\Users\Moon\Desktop\OPTİK KISIM\Gimbal\kods\GZGSG-Distortion-Measurement\olcum_15x15_tarih_2026-08-07_09-57-14\P60_79.940_17.120.png,both,-1.5277253432661837,-1.9616620951665027,2.4863754543654126
P61_-79.940_12.840,-79.94,12.84,4,0,560.3591632312357,854.1744403938537,C:\Users\Moon\Desktop\OPTİK KISIM\Gimbal\kods\GZGSG-Distortion-Measurement\olcum_15x15_tarih_2026-08-07_11-45-14\P61_-79.940_12.840.png,P61_-79.940_12.840,-79.94,12.84,559.0139738575201,852.1687337723844,C:\Users\Moon\Desktop\OPTİK KISIM\Gimbal\kods\GZGSG-Distortion-Measurement\olcum_15x15_tarih_2026-08-07_09-57-14\P61_-79.940_12.840.png,both,-1.3451893737155842,-2.0057066214693577,2.4150348864070996
P62_-68.520_12.840,-68.52,12.84,4,1,618.8096227848313,854.4159341897679,C:\Users\Moon\Desktop\OPTİK KISIM\Gimbal\kods\GZGSG-Distortion-Measurement\olcum_15x15_tarih_2026-08-07_11-45-14\P62_-68.520_12.840.png,P62_-68.520_12.840,-68.52,12.84,617.095210796238,852.318014905254,C:\Users\Moon\Desktop\OPTİK KISIM\Gimbal\kods\GZGSG-Distortion-Measurement\olcum_15x15_tarih_2026-08-07_09-57-14\P62_-68.520_12.840.png,both,-1.7144119885932696,-2.097919284513864,2.7093308751364225
P63_-57.100_12.840,-57.1,12.84,4,2,680.1105518699119,853.7874139338259,C:\Users\Moon\Desktop\OPTİK KISIM\Gimbal\kods\GZGSG-Distortion-Measurement\olcum_15x15_tarih_2026-08-07_11-45-14\P63_-57.100_12.840.png,P63_-57.100_12.840,-57.1,12.84,678.9725428011212,852.1216788830257,C:\Users\Moon\Desktop\OPTİK KISIM\Gimbal\kods\GZGSG-Distortion-Measurement\olcum_15x15_tarih_2026-08-07_09-57-14\P63_-57.100_12.840.png,both,-1.1380090687906659,-1.6657350508002082,2.0173591400923563
P64_-45.680_12.840,-45.68,12.84,4,3,744.9448744612125,854.6893252575132,C:\Users\Moon\Desktop\OPTİK KISIM\Gimbal\kods\GZGSG-Distortion-Measurement\olcum_15x15_tarih_2026-08-07_11-45-14\P64_-45.680_12.840.png,P64_-45.680_12.840,-45.68,12.84,743.8234449056258,853.0095866479364,C:\Users\Moon\Desktop\OPTİK KISIM\Gimbal\kods\GZGSG-Distortion-Measurement\olcum_15x15_tarih_2026-08-07_09-57-14\P64_-45.680_12.840.png,both,-1.121429555586701,-1.679738609576816,2.019684639899616
P65_-34.260_12.840,-34.26,12.84,4,4,812.0055439044406,854.8425002279566,C:\Users\Moon\Desktop\OPTİK KISIM\Gimbal\kods\GZGSG-Distortion-Measurement\olcum_15x15_tarih_2026-08-07_11-45-14\P65_-34.260_12.840.png,P65_-34.260_12.840,-34.26,12.84,812.2147781509634,853.01465244633,C:\Users\Moon\Desktop\OPTİK KISIM\Gimbal\kods\GZGSG-Distortion-Measurement\olcum_15x15_tarih_2026-08-07_09-57-14\P65_-34.260_12.840.png,both,0.209234246522783,-1.8278477816265877,1.8397843576667332
P66_-22.840_12.840,-22.84,12.84,4,5,882.9505853717742,855.0061079419647,C:\Users\Moon\Desktop\OPTİK KISIM\Gimbal\kods\GZGSG-Distortion-Measurement\olcum_15x15_tarih_2026-08-07_11-45-14\P66_-22.840_12.840.png,P66_-22.840_12.840,-22.84,12.84,881.2144621503286,853.0437440365255,C:\Users\Moon\Desktop\OPTİK KISIM\Gimbal\kods\GZGSG-Distortion-Measurement\olcum_15x15_tarih_2026-08-07_09-57-14\P66_-22.840_12.840.png,both,-1.7361232214456095,-1.962363905439247,2.6201137260457714
P67_-11.420_12.840,-11.42,12.84,4,6,954.0913562536364,855.7425907255825,C:\Users\Moon\Desktop\OPTİK KISIM\Gimbal\kods\GZGSG-Distortion-Measurement\olcum_15x15_tarih_2026-08-07_11-45-14\P67_-11.420_12.840.png,P67_-11.420_12.840,-11.42,12.84,952.7631710385142,854.1063001775871,C:\Users\Moon\Desktop\OPTİK KISIM\Gimbal\kods\GZGSG-Distortion-Measurement\olcum_15x15_tarih_2026-08-07_09-57-14\P67_-11.420_12.840.png,both,-1.3281852151221756,-1.6362905479954861,2.107492045804327
P68_0.000_12.840,0.0,12.84,4,7,1027.260854217379,856.8056376094734,C:\Users\Moon\Desktop\OPTİK KISIM\Gimbal\kods\GZGSG-Distortion-Measurement\olcum_15x15_tarih_2026-08-07_11-45-14\P68_0.000_12.840.png,P68_0.000_12.840,0.0,12.84,1026.130139576819,854.8414913917759,C:\Users\Moon\Desktop\OPTİK KISIM\Gimbal\kods\GZGSG-Distortion-Measurement\olcum_15x15_tarih_2026-08-07_09-57-14\P68_0.000_12.840.png,both,-1.1307146405599724,-1.9641462176974755,2.266359627877263
P69_11.420_12.840,11.42,12.84,4,8,1100.1232331925587,857.422660118667,C:\Users\Moon\Desktop\OPTİK KISIM\Gimbal\kods\GZGSG-Distortion-Measurement\olcum_15x15_tarih_2026-08-07_11-45-14\P69_11.420_12.840.png,P69_11.420_12.840,11.42,12.84,1098.2415783346946,855.3976275549815,C:\Users\Moon\Desktop\OPTİK KISIM\Gimbal\kods\GZGSG-Distortion-Measurement\olcum_15x15_tarih_2026-08-07_09-57-14\P69_11.420_12.840.png,both,-1.8816548578640777,-2.0250325636854996,2.7643049557004646
P70_22.840_12.840,22.84,12.84,4,9,1173.4881912982166,858.4485039427867,C:\Users\Moon\Desktop\OPTİK KISIM\Gimbal\kods\GZGSG-Distortion-Measurement\olcum_15x15_tarih_2026-08-07_11-45-14\P70_22.840_12.840.png,P70_22.840_12.840,22.84,12.84,1171.2227057857417,856.7089191806998,C:\Users\Moon\Desktop\OPTİK KISIM\Gimbal\kods\GZGSG-Distortion-Measurement\olcum_15x15_tarih_2026-08-07_09-57-14\P70_22.840_12.840.png,both,-2.2654855124749247,-1.7395847620869063,2.856322767426456
P71_34.260_12.840,34.26,12.84,4,10,1243.3323079684317,859.4147817069584,C:\Users\Moon\Desktop\OPTİK KISIM\Gimbal\kods\GZGSG-Distortion-Measurement\olcum_15x15_tarih_2026-08-07_11-45-14\P71_34.260_12.840.png,P71_34.260_12.840,34.26,12.84,1243.9844787912994,856.9426420787565,C:\Users\Moon\Desktop\OPTİK KISIM\Gimbal\kods\GZGSG-Distortion-Measurement\olcum_15x15_tarih_2026-08-07_09-57-14\P71_34.260_12.840.png,both,0.6521708228676744,-2.4721396282018304,2.5567168641689255
P72_45.680_12.840,45.68,12.84,4,11,1309.9561302034206,862.1890939507733,C:\Users\Moon\Desktop\OPTİK KISIM\Gimbal\kods\GZGSG-Distortion-Measurement\olcum_15x15_tarih_2026-08-07_11-45-14\P72_45.680_12.840.png,P72_45.680_12.840,45.68,12.84,1308.2370377075729,860.4600343984793,C:\Users\Moon\Desktop\OPTİK KISIM\Gimbal\kods\GZGSG-Distortion-Measurement\olcum_15x15_tarih_2026-08-07_09-57-14\P72_45.680_12.840.png,both,-1.7190924958476899,-1.7290595522940748,2.4382218817530177
P73_57.100_12.840,57.1,12.84,4,12,1376.2029017668442,863.0312684926874,C:\Users\Moon\Desktop\OPTİK KISIM\Gimbal\kods\GZGSG-Distortion-Measurement\olcum_15x15_tarih_2026-08-07_11-45-14\P73_57.100_12.840.png,P73_57.100_12.840,57.1,12.84,1374.7974323285623,861.2750171385836,C:\Users\Moon\Desktop\OPTİK KISIM\Gimbal\kods\GZGSG-Distortion-Measurement\olcum_15x15_tarih_2026-08-07_09-57-14\P73_57.100_12.840.png,both,-1.405469438281898,-1.7562513541038243,2.2493917312766913
P74_68.520_12.840,68.52,12.84,4,13,1440.629335757776,864.4544590462021,C:\Users\Moon\Desktop\OPTİK KISIM\Gimbal\kods\GZGSG-Distortion-Measurement\olcum_15x15_tarih_2026-08-07_11-45-14\P74_68.520_12.840.png,P74_68.520_12.840,68.52,12.84,1438.6135815875202,862.7243557486029,C:\Users\Moon\Desktop\OPTİK KISIM\Gimbal\kods\GZGSG-Distortion-Measurement\olcum_15x15_tarih_2026-08-07_09-57-14\P74_68.520_12.840.png,both,-2.015754170255832,-1.7301032975992712,2.6564115447851164
P75_79.940_12.840,79.94,12.84,4,14,1500.4693661050107,865.942658749294,C:\Users\Moon\Desktop\OPTİK KISIM\Gimbal\kods\GZGSG-Distortion-Measurement\olcum_15x15_tarih_2026-08-07_11-45-14\P75_79.940_12.840.png,P75_79.940_12.840,79.94,12.84,1499.1130391005202,864.1972478603792,C:\Users\Moon\Desktop\OPTİK KISIM\Gimbal\kods\GZGSG-Distortion-Measurement\olcum_15x15_tarih_2026-08-07_09-57-14\P75_79.940_12.840.png,both,-1.3563270044905948,-1.745410888914762,2.2104483966500212
P76_-79.940_8.560,-79.94,8.56,5,0,558.6257614417397,908.7613038181275,C:\Users\Moon\Desktop\OPTİK KISIM\Gimbal\kods\GZGSG-Distortion-Measurement\olcum_15x15_tarih_2026-08-07_11-45-14\P76_-79.940_8.560.png,P76_-79.940_8.560,-79.94,8.56,557.8817410829016,907.1090205732372,C:\Users\Moon\Desktop\OPTİK KISIM\Gimbal\kods\GZGSG-Distortion-Measurement\olcum_15x15_tarih_2026-08-07_09-57-14\P76_-79.940_8.560.png,both,-0.7440203588380427,-1.6522832448903273,1.8120723538840273
P77_-68.520_8.560,-68.52,8.56,5,1,616.7189595645083,908.6464552752536,C:\Users\Moon\Desktop\OPTİK KISIM\Gimbal\kods\GZGSG-Distortion-Measurement\olcum_15x15_tarih_2026-08-07_11-45-14\P77_-68.520_8.560.png,P77_-68.520_8.560,-68.52,8.56,616.1139265331739,906.9656690658768,C:\Users\Moon\Desktop\OPTİK KISIM\Gimbal\kods\GZGSG-Distortion-Measurement\olcum_15x15_tarih_2026-08-07_09-57-14\P77_-68.520_8.560.png,both,-0.6050330313344148,-1.6807862093768335,1.786367053725817
P78_-57.100_8.560,-57.1,8.56,5,2,678.6033513656155,909.5439965694684,C:\Users\Moon\Desktop\OPTİK KISIM\Gimbal\kods\GZGSG-Distortion-Measurement\olcum_15x15_tarih_2026-08-07_11-45-14\P78_-57.100_8.560.png,P78_-57.100_8.560,-57.1,8.56,678.1245952106586,907.3464996761684,C:\Users\Moon\Desktop\OPTİK KISIM\Gimbal\kods\GZGSG-Distortion-Measurement\olcum_15x15_tarih_2026-08-07_09-57-14\P78_-57.100_8.560.png,both,-0.4787561549568409,-2.1974968933000127,2.2490442530044326
P79_-45.680_8.560,-45.68,8.56,5,3,744.0249710609821,910.129485547768,C:\Users\Moon\Desktop\OPTİK KISIM\Gimbal\kods\GZGSG-Distortion-Measurement\olcum_15x15_tarih_2026-08-07_11-45-14\P79_-45.680_8.560.png,P79_-45.680_8.560,-45.68,8.56,743.1163408779149,908.1384602194788,C:\Users\Moon\Desktop\OPTİK KISIM\Gimbal\kods\GZGSG-Distortion-Measurement\olcum_15x15_tarih_2026-08-07_09-57-14\P79_-45.680_8.560.png,both,-0.9086301830672028,-1.9910253282891972,2.1885590390642524
P80_-34.260_8.560,-34.26,8.56,5,4,811.3139249073148,910.833036467959,C:\Users\Moon\Desktop\OPTİK KISIM\Gimbal\kods\GZGSG-Distortion-Measurement\olcum_15x15_tarih_2026-08-07_11-45-14\P80_-34.260_8.560.png,P80_-34.260_8.560,-34.26,8.56,811.0134084269494,908.6083426196428,C:\Users\Moon\Desktop\OPTİK KISIM\Gimbal\kods\GZGSG-Distortion-Measurement\olcum_15x15_tarih_2026-08-07_09-57-14\P80_-34.260_8.560.png,both,-0.3005164803654452,-2.2246938483161784,2.2448993014625582
P81_-22.840_8.560,-22.84,8.56,5,5,881.6343671919574,911.2036632630978,C:\Users\Moon\Desktop\OPTİK KISIM\Gimbal\kods\GZGSG-Distortion-Measurement\olcum_15x15_tarih_2026-08-07_11-45-14\P81_-22.840_8.560.png,P81_-22.840_8.560,-22.84,8.56,880.4558308632382,909.4929158632864,C:\Users\Moon\Desktop\OPTİK KISIM\Gimbal\kods\GZGSG-Distortion-Measurement\olcum_15x15_tarih_2026-08-07_09-57-14\P81_-22.840_8.560.png,both,-1.178536328719133,-1.7107473998114529,2.07740331762333
P82_-11.420_8.560,-11.42,8.56,5,6,954.013559497282,912.3204079116732,C:\Users\Moon\Desktop\OPTİK KISIM\Gimbal\kods\GZGSG-Distortion-Measurement\olcum_15x15_tarih_2026-08-07_11-45-14\P82_-11.420_8.560.png,P82_-11.420_8.560,-11.42,8.56,952.1245367115348,910.056518806728,C:\Users\Moon\Desktop\OPTİK KISIM\Gimbal\kods\GZGSG-Distortion-Measurement\olcum_15x15_tarih_2026-08-07_09-57-14\P82_-11.420_8.560.png,both,-1.8890227857472155,-2.2638891049451786,2.9484913031178595
P83_0.000_8.560,0.0,8.56,5,7,1027.6748367396558,912.9376091865452,C:\Users\Moon\Desktop\OPTİK KISIM\Gimbal\kods\GZGSG-Distortion-Measurement\olcum_15x15_tarih_2026-08-07_11-45-14\P83_0.000_8.560.png,P83_0.000_8.560,0.0,8.56,1026.7657739634983,911.0572008387549,C:\Users\Moon\Desktop\OPTİK KISIM\Gimbal\kods\GZGSG-Distortion-Measurement\olcum_15x15_tarih_2026-08-07_09-57-14\P83_0.000_8.560.png,both,-0.9090627761574979,-1.8804083477903077,2.0886193251606793
P84_11.420_8.560,11.42,8.56,5,8,1100.1981389067194,913.8553608715716,C:\Users\Moon\Desktop\OPTİK KISIM\Gimbal\kods\GZGSG-Distortion-Measurement\olcum_15x15_tarih_2026-08-07_11-45-14\P84_11.420_8.560.png,P84_11.420_8.560,11.42,8.56,1098.837242616422,911.8940521447198,C:\Users\Moon\Desktop\OPTİK KISIM\Gimbal\kods\GZGSG-Distortion-Measurement\olcum_15x15_tarih_2026-08-07_09-57-14\P84_11.420_8.560.png,both,-1.3608962902974326,-1.9613087268518257,2.387209801205257
P85_22.840_8.560,22.84,8.56,5,9,1171.991223151858,914.655778324462,C:\Users\Moon\Desktop\OPTİK KISIM\Gimbal\kods\GZGSG-Distortion-Measurement\olcum_15x15_tarih_2026-08-07_11-45-14\P85_22.840_8.560.png,P85_22.840_8.560,22.84,8.56,1170.768017296458,912.9062644739756,C:\Users\Moon\Desktop\OPTİK KISIM\Gimbal\kods\GZGSG-Distortion-Measurement\olcum_15x15_tarih_2026-08-07_09-57-14\P85_22.840_8.560.png,both,-1.2232058554000105,-1.7495138504863235,2.134720421443603
P86_34.260_8.560,34.26,8.56,5,10,1240.9637115941723,916.8073826486532,C:\Users\Moon\Desktop\OPTİK KISIM\Gimbal\kods\GZGSG-Distortion-Measurement\olcum_15x15_tarih_2026-08-07_11-45-14\P86_34.260_8.560.png,P86_34.260_8.560,34.26,8.56,1240.0796661067188,915.0113697537312,C:\Users\Moon\Desktop\OPTİK KISIM\Gimbal\kods\GZGSG-Distortion-Measurement\olcum_15x15_tarih_2026-08-07_09-57-14\P86_34.260_8.560.png,both,-0.8840454874534771,-1.7960128949220007,2.001798876663927
P87_45.680_8.560,45.68,8.56,5,11,1309.5701149850602,918.238772074264,C:\Users\Moon\Desktop\OPTİK KISIM\Gimbal\kods\GZGSG-Distortion-Measurement\olcum_15x15_tarih_2026-08-07_11-45-14\P87_45.680_8.560.png,P87_45.680_8.560,45.68,8.56,1308.2283342826918,916.4710484405332,C:\Users\Moon\Desktop\OPTİK KISIM\Gimbal\kods\GZGSG-Distortion-Measurement\olcum_15x15_tarih_2026-08-07_09-57-14\P87_45.680_8.560.png,both,-1.3417807023683963,-1.7677236337308386,2.2192841860606287
P88_57.100_8.560,57.1,8.56,5,12,1376.0185240370288,918.38794735982,C:\Users\Moon\Desktop\OPTİK KISIM\Gimbal\kods\GZGSG-Distortion-Measurement\olcum_15x15_tarih_2026-08-07_11-45-14\P88_57.100_8.560.png,P88_57.100_8.560,57.1,8.56,1375.1642799834674,916.9180180399212,C:\Users\Moon\Desktop\OPTİK KISIM\Gimbal\kods\GZGSG-Distortion-Measurement\olcum_15x15_tarih_2026-08-07_09-57-14\P88_57.100_8.560.png,both,-0.8542440535613878,-1.4699293198988244,1.7001250273268762
P89_68.520_8.560,68.52,8.56,5,13,1440.1244477937737,919.7117873291407,C:\Users\Moon\Desktop\OPTİK KISIM\Gimbal\kods\GZGSG-Distortion-Measurement\olcum_15x15_tarih_2026-08-07_11-45-14\P89_68.520_8.560.png,P89_68.520_8.560,68.52,8.56,1439.351696744668,917.9647698817028,C:\Users\Moon\Desktop\OPTİK KISIM\Gimbal\kods\GZGSG-Distortion-Measurement\olcum_15x15_tarih_2026-08-07_09-57-14\P89_68.520_8.560.png,both,-0.7727510491056364,-1.7470174474379974,1.9102916388726192
P90_79.940_8.560,79.94,8.56,5,14,1501.6967636382228,921.8481517459992,C:\Users\Moon\Desktop\OPTİK KISIM\Gimbal\kods\GZGSG-Distortion-Measurement\olcum_15x15_tarih_2026-08-07_11-45-14\P90_79.940_8.560.png,P90_79.940_8.560,79.94,8.56,1500.037258128704,920.0256633646328,C:\Users\Moon\Desktop\OPTİK KISIM\Gimbal\kods\GZGSG-Distortion-Measurement\olcum_15x15_tarih_2026-08-07_09-57-14\P90_79.940_8.560.png,both,-1.6595055095187945,-1.8224883813663837,2.464837202806444
P91_-79.940_4.280,-79.94,4.28,6,0,558.3507121841556,963.6693210635192,C:\Users\Moon\Desktop\OPTİK KISIM\Gimbal\kods\GZGSG-Distortion-Measurement\olcum_15x15_tarih_2026-08-07_11-45-14\P91_-79.940_4.280.png,P91_-79.940_4.280,-79.94,4.28,558.6291405930718,962.732539043596,C:\Users\Moon\Desktop\OPTİK KISIM\Gimbal\kods\GZGSG-Distortion-Measurement\olcum_15x15_tarih_2026-08-07_09-57-14\P91_-79.940_4.280.png,both,0.27842840891628384,-0.9367820199231573,0.9772834449344592
P92_-68.520_4.280,-68.52,4.28,6,1,616.287853814096,964.4449876987032,C:\Users\Moon\Desktop\OPTİK KISIM\Gimbal\kods\GZGSG-Distortion-Measurement\olcum_15x15_tarih_2026-08-07_11-45-14\P92_-68.520_4.280.png,P92_-68.520_4.280,-68.52,4.28,616.1687304229537,963.0584259607296,C:\Users\Moon\Desktop\OPTİK KISIM\Gimbal\kods\GZGSG-Distortion-Measurement\olcum_15x15_tarih_2026-08-07_09-57-14\P92_-68.520_4.280.png,both,-0.11912339114235238,-1.3865617379736932,1.3916694419041766
P93_-57.100_4.280,-57.1,4.28,6,2,677.853239144556,965.1798081247188,C:\Users\Moon\Desktop\OPTİK KISIM\Gimbal\kods\GZGSG-Distortion-Measurement\olcum_15x15_tarih_2026-08-07_11-45-14\P93_-57.100_4.280.png,P93_-57.100_4.280,-57.1,4.28,676.6273452230087,963.9069792600376,C:\Users\Moon\Desktop\OPTİK KISIM\Gimbal\kods\GZGSG-Distortion-Measurement\olcum_15x15_tarih_2026-08-07_09-57-14\P93_-57.100_4.280.png,both,-1.2258939215473674,-1.2728288646811734,1.7671754937335307
P94_-45.680_4.280,-45.68,4.28,6,3,742.7191176868356,966.4540180141192,C:\Users\Moon\Desktop\OPTİK KISIM\Gimbal\kods\GZGSG-Distortion-Measurement\olcum_15x15_tarih_2026-08-07_11-45-14\P94_-45.680_4.280.png,P94_-45.680_4.280,-45.68,4.28,741.3558325011286,965.2037921175393,C:\Users\Moon\Desktop\OPTİK KISIM\Gimbal\kods\GZGSG-Distortion-Measurement\olcum_15x15_tarih_2026-08-07_09-57-14\P94_-45.680_4.280.png,both,-1.3632851857070136,-1.250225896579991,1.8497597925264375
P95_-34.260_4.280,-34.26,4.28,6,4,810.8959342293555,967.2789696680604,C:\Users\Moon\Desktop\OPTİK KISIM\Gimbal\kods\GZGSG-Distortion-Measurement\olcum_15x15_tarih_2026-08-07_11-45-14\P95_-34.260_4.280.png,P95_-34.260_4.280,-34.26,4.28,810.6234879937845,965.6337970718916,C:\Users\Moon\Desktop\OPTİK KISIM\Gimbal\kods\GZGSG-Distortion-Measurement\olcum_15x15_tarih_2026-08-07_09-57-14\P95_-34.260_4.280.png,both,-0.2724462355710102,-1.645172596168777,1.667579030349545
P96_-22.840_4.280,-22.84,4.28,6,5,880.573597168115,968.155601494606,C:\Users\Moon\Desktop\OPTİK KISIM\Gimbal\kods\GZGSG-Distortion-Measurement\olcum_15x15_tarih_2026-08-07_11-45-14\P96_-22.840_4.280.png,P96_-22.840_4.280,-22.84,4.28,879.9020671502857,966.7343840277332,C:\Users\Moon\Desktop\OPTİK KISIM\Gimbal\kods\GZGSG-Distortion-Measurement\olcum_15x15_tarih_2026-08-07_09-57-14\P96_-22.840_4.280.png,both,-0.6715300178293546,-1.421217466872804,1.5718815645557533
P97_-11.420_4.280,-11.42,4.28,6,6,954.2983410708543,968.9978730664634,C:\Users\Moon\Desktop\OPTİK KISIM\Gimbal\kods\GZGSG-Distortion-Measurement\olcum_15x15_tarih_2026-08-07_11-45-14\P97_-11.420_4.280.png,P97_-11.420_4.280,-11.42,4.28,953.8612015930264,967.4331012638188,C:\Users\Moon\Desktop\OPTİK KISIM\Gimbal\kods\GZGSG-Distortion-Measurement\olcum_15x15_tarih_2026-08-07_09-57-14\P97_-11.420_4.280.png,both,-0.43713947782794094,-1.5647718026446,1.624685113314982
P98_0.000_4.280,0.0,4.28,6,7,1026.9785881812984,970.047701098012,C:\Users\Moon\Desktop\OPTİK KISIM\Gimbal\kods\GZGSG-Distortion-Measurement\olcum_15x15_tarih_2026-08-07_11-45-14\P98_0.000_4.280.png,P98_0.000_4.280,0.0,4.28,1026.7965011538156,967.7439012227792,C:\Users\Moon\Desktop\OPTİK KISIM\Gimbal\kods\GZGSG-Distortion-Measurement\olcum_15x15_tarih_2026-08-07_09-57-14\P98_0.000_4.280.png,both,-0.18208702748279393,-2.303799875232812,2.3109845414239016
P99_11.420_4.280,11.42,4.28,6,8,1101.3734026657582,970.2140260153334,C:\Users\Moon\Desktop\OPTİK KISIM\Gimbal\kods\GZGSG-Distortion-Measurement\olcum_15x15_tarih_2026-08-07_11-45-14\P99_11.420_4.280.png,P99_11.420_4.280,11.42,4.28,1100.973444123613,968.8097386749944,C:\Users\Moon\Desktop\OPTİK KISIM\Gimbal\kods\GZGSG-Distortion-Measurement\olcum_15x15_tarih_2026-08-07_09-57-14\P99_11.420_4.280.png,both,-0.39995854214521387,-1.4042873403390104,1.4601334766627798
P100_22.840_4.280,22.84,4.28,6,9,1170.506368799198,971.7837969744314,C:\Users\Moon\Desktop\OPTİK KISIM\Gimbal\kods\GZGSG-Distortion-Measurement\olcum_15x15_tarih_2026-08-07_11-45-14\P100_22.840_4.280.png,P100_22.840_4.280,22.84,4.28,1171.0247828728463,969.9228610732488,C:\Users\Moon\Desktop\OPTİK KISIM\Gimbal\kods\GZGSG-Distortion-Measurement\olcum_15x15_tarih_2026-08-07_09-57-14\P100_22.840_4.280.png,both,0.5184140736482732,-1.8609359011826427,1.9317959467984842
P101_34.260_4.280,34.26,4.28,6,10,1242.1113642433197,972.7609481194032,C:\Users\Moon\Desktop\OPTİK KISIM\Gimbal\kods\GZGSG-Distortion-Measurement\olcum_15x15_tarih_2026-08-07_11-45-14\P101_34.260_4.280.png,P101_34.260_4.280,34.26,4.28,1240.9043349814667,971.529023106438,C:\Users\Moon\Desktop\OPTİK KISIM\Gimbal\kods\GZGSG-Distortion-Measurement\olcum_15x15_tarih_2026-08-07_09-57-14\P101_34.260_4.280.png,both,-1.2070292618529948,-1.2319250129652346,1.7246909510224662
P102_45.680_4.280,45.68,4.28,6,11,1310.3051451271126,973.8951170081932,C:\Users\Moon\Desktop\OPTİK KISIM\Gimbal\kods\GZGSG-Distortion-Measurement\olcum_15x15_tarih_2026-08-07_11-45-14\P102_45.680_4.280.png,P102_45.680_4.280,45.68,4.28,1309.3216765970526,972.1430082814773,C:\Users\Moon\Desktop\OPTİK KISIM\Gimbal\kods\GZGSG-Distortion-Measurement\olcum_15x15_tarih_2026-08-07_09-57-14\P102_45.680_4.280.png,both,-0.9834685300600086,-1.75210872671596,2.0092524330836623
P103_57.100_4.280,57.1,4.28,6,12,1376.988745673574,974.4235065402077,C:\Users\Moon\Desktop\OPTİK KISIM\Gimbal\kods\GZGSG-Distortion-Measurement\olcum_15x15_tarih_2026-08-07_11-45-14\P103_57.100_4.280.png,P103_57.100_4.280,57.1,4.28,1376.2039295071868,972.8354129570828,C:\Users\Moon\Desktop\OPTİK KISIM\Gimbal\kods\GZGSG-Distortion-Measurement\olcum_15x15_tarih_2026-08-07_09-57-14\P103_57.100_4.280.png,both,-0.7848161663871451,-1.5880935831248735,1.7714337819362638
P104_68.520_4.280,68.52,4.28,6,13,1440.5436114574147,975.7981421230272,C:\Users\Moon\Desktop\OPTİK KISIM\Gimbal\kods\GZGSG-Distortion-Measurement\olcum_15x15_tarih_2026-08-07_11-45-14\P104_68.520_4.280.png,P104_68.520_4.280,68.52,4.28,1437.9815265211705,974.05713915102,C:\Users\Moon\Desktop\OPTİK KISIM\Gimbal\kods\GZGSG-Distortion-Measurement\olcum_15x15_tarih_2026-08-07_09-57-14\P104_68.520_4.280.png,both,-2.5620849362442186,-1.7410029720072089,3.097639515674391
P105_79.940_4.280,79.94,4.28,6,14,1500.986938826042,976.4460684937868,C:\Users\Moon\Desktop\OPTİK KISIM\Gimbal\kods\GZGSG-Distortion-Measurement\olcum_15x15_tarih_2026-08-07_11-45-14\P105_79.940_4.280.png,P105_79.940_4.280,79.94,4.28,1499.7566545981174,974.9109389331402,C:\Users\Moon\Desktop\OPTİK KISIM\Gimbal\kods\GZGSG-Distortion-Measurement\olcum_15x15_tarih_2026-08-07_09-57-14\P105_79.940_4.280.png,both,-1.2302842279245851,-1.5351295606466238,1.9672879935207983
P106_-79.940_0.000,-79.94,0.0,7,0,558.8906997814848,1017.2653768942422,C:\Users\Moon\Desktop\OPTİK KISIM\Gimbal\kods\GZGSG-Distortion-Measurement\olcum_15x15_tarih_2026-08-07_11-45-14\P106_-79.940_0.000.png,P106_-79.940_0.000,-79.94,0.0,557.5495646202846,1015.5617201881776,C:\Users\Moon\Desktop\OPTİK KISIM\Gimbal\kods\GZGSG-Distortion-Measurement\olcum_15x15_tarih_2026-08-07_09-57-14\P106_-79.940_0.000.png,both,-1.3411351612002136,-1.7036567060646348,2.168199643189373
P107_-68.520_0.000,-68.52,0.0,7,1,615.9092633743699,1019.9018718023246,C:\Users\Moon\Desktop\OPTİK KISIM\Gimbal\kods\GZGSG-Distortion-Measurement\olcum_15x15_tarih_2026-08-07_11-45-14\P107_-68.520_0.000.png,P107_-68.520_0.000,-68.52,0.0,615.0685141446021,1018.6121020214848,C:\Users\Moon\Desktop\OPTİK KISIM\Gimbal\kods\GZGSG-Distortion-Measurement\olcum_15x15_tarih_2026-08-07_09-57-14\P107_-68.520_0.000.png,both,-0.8407492297677663,-1.2897697808398334,1.539599089023738
P108_-57.100_0.000,-57.1,0.0,7,2,678.299645390071,1019.8262411347516,C:\Users\Moon\Desktop\OPTİK KISIM\Gimbal\kods\GZGSG-Distortion-Measurement\olcum_15x15_tarih_2026-08-07_11-45-14\P108_-57.100_0.000.png,P108_-57.100_0.000,-57.1,0.0,677.0549326563712,1018.4414155761732,C:\Users\Moon\Desktop\OPTİK KISIM\Gimbal\kods\GZGSG-Distortion-Measurement\olcum_15x15_tarih_2026-08-07_09-57-14\P108_-57.100_0.000.png,both,-1.244712733699771,-1.3848255585784273,1.8620020454141317
P109_-45.680_0.000,-45.68,0.0,7,3,742.5570699854615,1022.2846104677396,C:\Users\Moon\Desktop\OPTİK KISIM\Gimbal\kods\GZGSG-Distortion-Measurement\olcum_15x15_tarih_2026-08-07_11-45-14\P109_-45.680_0.000.png,P109_-45.680_0.000,-45.68,0.0,741.6644611925113,1020.641125504656,C:\Users\Moon\Desktop\OPTİK KISIM\Gimbal\kods\GZGSG-Distortion-Measurement\olcum_15x15_tarih_2026-08-07_09-57-14\P109_-45.680_0.000.png,both,-0.8926087929501136,-1.6434849630836652,1.8702388299717165
P110_-34.260_0.000,-34.26,0.0,7,4,810.3839667502901,1022.4630321638522,C:\Users\Moon\Desktop\OPTİK KISIM\Gimbal\kods\GZGSG-Distortion-Measurement\olcum_15x15_tarih_2026-08-07_11-45-14\P110_-34.260_0.000.png,P110_-34.260_0.000,-34.26,0.0,808.6340758080345,1021.0048948630082,C:\Users\Moon\Desktop\OPTİK KISIM\Gimbal\kods\GZGSG-Distortion-Measurement\olcum_15x15_tarih_2026-08-07_09-57-14\P110_-34.260_0.000.png,both,-1.7498909422556608,-1.4581373008439868,2.277780212817073
P111_-22.840_0.000,-22.84,0.0,7,5,879.6823739730038,1024.0922692645493,C:\Users\Moon\Desktop\OPTİK KISIM\Gimbal\kods\GZGSG-Distortion-Measurement\olcum_15x15_tarih_2026-08-07_11-45-14\P111_-22.840_0.000.png,P111_-22.840_0.000,-22.84,0.0,878.644096834626,1022.7492161792256,C:\Users\Moon\Desktop\OPTİK KISIM\Gimbal\kods\GZGSG-Distortion-Measurement\olcum_15x15_tarih_2026-08-07_09-57-14\P111_-22.840_0.000.png,both,-1.0382771383777936,-1.3430530853236178,1.6975897637754738
P112_-11.420_0.000,-11.42,0.0,7,6,952.2971441984196,1025.7241956376215,C:\Users\Moon\Desktop\OPTİK KISIM\Gimbal\kods\GZGSG-Distortion-Measurement\olcum_15x15_tarih_2026-08-07_11-45-14\P112_-11.420_0.000.png,P112_-11.420_0.000,-11.42,0.0,951.295343640626,1023.9610782040002,C:\Users\Moon\Desktop\OPTİK KISIM\Gimbal\kods\GZGSG-Distortion-Measurement\olcum_15x15_tarih_2026-08-07_09-57-14\P112_-11.420_0.000.png,both,-1.0018005577935583,-1.7631174336213462,2.0278529143739705
P113_0.000_0.000,0.0,0.0,7,7,1024.3571976705448,1028.979874168318,C:\Users\Moon\Desktop\OPTİK KISIM\Gimbal\kods\GZGSG-Distortion-Measurement\olcum_15x15_tarih_2026-08-07_11-45-14\P113_0.000_0.000.png,P113_0.000_0.000,0.0,0.0,1024.3671313341936,1027.1952116458538,C:\Users\Moon\Desktop\OPTİK KISIM\Gimbal\kods\GZGSG-Distortion-Measurement\olcum_15x15_tarih_2026-08-07_09-57-14\P113_0.000_0.000.png,both,0.009933663648780566,-1.7846625224642594,1.784690168281873
P114_11.420_0.000,11.42,0.0,7,8,1099.1765660108338,1028.1459571202274,C:\Users\Moon\Desktop\OPTİK KISIM\Gimbal\kods\GZGSG-Distortion-Measurement\olcum_15x15_tarih_2026-08-07_11-45-14\P114_11.420_0.000.png,P114_11.420_0.000,11.42,0.0,1098.7798374766369,1026.7131277009094,C:\Users\Moon\Desktop\OPTİK KISIM\Gimbal\kods\GZGSG-Distortion-Measurement\olcum_15x15_tarih_2026-08-07_09-57-14\P114_11.420_0.000.png,both,-0.3967285341968818,-1.4328294193180682,1.486739275969179
P115_22.840_0.000,22.84,0.0,7,9,1169.8541208115369,1028.656201130759,C:\Users\Moon\Desktop\OPTİK KISIM\Gimbal\kods\GZGSG-Distortion-Measurement\olcum_15x15_tarih_2026-08-07_11-45-14\P115_22.840_0.000.png,P115_22.840_0.000,22.84,0.0,1167.9513472550996,1026.9281896235186,C:\Users\Moon\Desktop\OPTİK KISIM\Gimbal\kods\GZGSG-Distortion-Measurement\olcum_15x15_tarih_2026-08-07_09-57-14\P115_22.840_0.000.png,both,-1.902773556437296,-1.7280115072403532,2.5703250720934334
P116_34.260_0.000,34.26,0.0,7,10,1238.477975014447,1029.13500609662,C:\Users\Moon\Desktop\OPTİK KISIM\Gimbal\kods\GZGSG-Distortion-Measurement\olcum_15x15_tarih_2026-08-07_11-45-14\P116_34.260_0.000.png,P116_34.260_0.000,34.26,0.0,1238.5440476934198,1027.6282786994975,C:\Users\Moon\Desktop\OPTİK KISIM\Gimbal\kods\GZGSG-Distortion-Measurement\olcum_15x15_tarih_2026-08-07_09-57-14\P116_34.260_0.000.png,both,0.06607267897265956,-1.506727397122404,1.5081754036403985
P117_45.680_0.000,45.68,0.0,7,11,1307.9807946787207,1030.4882718724018,C:\Users\Moon\Desktop\OPTİK KISIM\Gimbal\kods\GZGSG-Distortion-Measurement\olcum_15x15_tarih_2026-08-07_11-45-14\P117_45.680_0.000.png,P117_45.680_0.000,45.68,0.0,1307.436928199792,1028.629411030177,C:\Users\Moon\Desktop\OPTİK KISIM\Gimbal\kods\GZGSG-Distortion-Measurement\olcum_15x15_tarih_2026-08-07_09-57-14\P117_45.680_0.000.png,both,-0.5438664789287486,-1.8588608422248853,1.9367897091990562
P118_57.100_0.000,57.1,0.0,7,12,1375.6345427752403,1030.111599058644,C:\Users\Moon\Desktop\OPTİK KISIM\Gimbal\kods\GZGSG-Distortion-Measurement\olcum_15x15_tarih_2026-08-07_11-45-14\P118_57.100_0.000.png,P118_57.100_0.000,57.1,0.0,1374.6938417979118,1028.4569899132896,C:\Users\Moon\Desktop\OPTİK KISIM\Gimbal\kods\GZGSG-Distortion-Measurement\olcum_15x15_tarih_2026-08-07_09-57-14\P118_57.100_0.000.png,both,-0.9407009773285608,-1.6546091453544705,1.9033259711981971
P119_68.520_0.000,68.52,0.0,7,13,1438.376797773081,1029.6699572142893,C:\Users\Moon\Desktop\OPTİK KISIM\Gimbal\kods\GZGSG-Distortion-Measurement\olcum_15x15_tarih_2026-08-07_11-45-14\P119_68.520_0.000.png,P119_68.520_0.000,68.52,0.0,1437.7905258694898,1027.71469685095,C:\Users\Moon\Desktop\OPTİK KISIM\Gimbal\kods\GZGSG-Distortion-Measurement\olcum_15x15_tarih_2026-08-07_09-57-14\P119_68.520_0.000.png,both,-0.586271903591296,-1.955260363339221,2.0412637833915497
P120_79.940_0.000,79.94,0.0,7,14,1498.8448567976402,1030.0358360277291,C:\Users\Moon\Desktop\OPTİK KISIM\Gimbal\kods\GZGSG-Distortion-Measurement\olcum_15x15_tarih_2026-08-07_11-45-14\P120_79.940_0.000.png,P120_79.940_0.000,79.94,0.0,1498.3720421903515,1028.3405540834528,C:\Users\Moon\Desktop\OPTİK KISIM\Gimbal\kods\GZGSG-Distortion-Measurement\olcum_15x15_tarih_2026-08-07_09-57-14\P120_79.940_0.000.png,both,-0.47281460728868296,-1.695281944276303,1.7599813986104493
P121_-79.940_-4.280,-79.94,-4.28,8,0,559.3621260259465,1070.863244953793,C:\Users\Moon\Desktop\OPTİK KISIM\Gimbal\kods\GZGSG-Distortion-Measurement\olcum_15x15_tarih_2026-08-07_11-45-14\P121_-79.940_-4.280.png,P121_-79.940_-4.280,-79.94,-4.28,558.3529898726115,1071.2126124735623,C:\Users\Moon\Desktop\OPTİK KISIM\Gimbal\kods\GZGSG-Distortion-Measurement\olcum_15x15_tarih_2026-08-07_09-57-14\P121_-79.940_-4.280.png,both,-1.009136153335021,0.34936751976943015,1.0679014185952025
P122_-68.520_-4.280,-68.52,-4.28,8,1,616.4683153737313,1072.8788023891732,C:\Users\Moon\Desktop\OPTİK KISIM\Gimbal\kods\GZGSG-Distortion-Measurement\olcum_15x15_tarih_2026-08-07_11-45-14\P122_-68.520_-4.280.png,P122_-68.520_-4.280,-68.52,-4.28,616.3426149643943,1071.778244301422,C:\Users\Moon\Desktop\OPTİK KISIM\Gimbal\kods\GZGSG-Distortion-Measurement\olcum_15x15_tarih_2026-08-07_09-57-14\P122_-68.520_-4.280.png,both,-0.1257004093370142,-1.1005580877510965,1.107713274011756
P123_-57.100_-4.280,-57.1,-4.28,8,2,678.5071202499612,1076.0087850833092,C:\Users\Moon\Desktop\OPTİK KISIM\Gimbal\kods\GZGSG-Distortion-Measurement\olcum_15x15_tarih_2026-08-07_11-45-14\P123_-57.100_-4.280.png,P123_-57.100_-4.280,-57.1,-4.28,678.3111369685483,1074.584136429059,C:\Users\Moon\Desktop\OPTİK KISIM\Gimbal\kods\GZGSG-Distortion-Measurement\olcum_15x15_tarih_2026-08-07_09-57-14\P123_-57.100_-4.280.png,both,-0.19598328141285037,-1.424648654250177,1.4380657963564079
P124_-45.680_-4.280,-45.68,-4.28,8,3,742.6285642038339,1076.9883400764218,C:\Users\Moon\Desktop\OPTİK KISIM\Gimbal\kods\GZGSG-Distortion-Measurement\olcum_15x15_tarih_2026-08-07_11-45-14\P124_-45.680_-4.280.png,P124_-45.680_-4.280,-45.68,-4.28,741.328808066825,1076.2365041660769,C:\Users\Moon\Desktop\OPTİK KISIM\Gimbal\kods\GZGSG-Distortion-Measurement\olcum_15x15_tarih_2026-08-07_09-57-14\P124_-45.680_-4.280.png,both,-1.2997561370088988,-0.7518359103448802,1.501540293091201
P125_-34.260_-4.280,-34.26,-4.28,8,4,810.6036775603847,1078.451181299531,C:\Users\Moon\Desktop\OPTİK KISIM\Gimbal\kods\GZGSG-Distortion-Measurement\olcum_15x15_tarih_2026-08-07_11-45-14\P125_-34.260_-4.280.png,P125_-34.260_-4.280,-34.26,-4.28,810.8002637280929,1077.410216268654,C:\Users\Moon\Desktop\OPTİK KISIM\Gimbal\kods\GZGSG-Distortion-Measurement\olcum_15x15_tarih_2026-08-07_09-57-14\P125_-34.260_-4.280.png,both,0.196586167708233,-1.0409650308770324,1.0593650536255341
P126_-22.840_-4.280,-22.84,-4.28,8,5,879.4374008065269,1080.6008192783156,C:\Users\Moon\Desktop\OPTİK KISIM\Gimbal\kods\GZGSG-Distortion-Measurement\olcum_15x15_tarih_2026-08-07_11-45-14\P126_-22.840_-4.280.png,P126_-22.840_-4.280,-22.84,-4.28,878.6488381547513,1079.0278459156127,C:\Users\Moon\Desktop\OPTİK KISIM\Gimbal\kods\GZGSG-Distortion-Measurement\olcum_15x15_tarih_2026-08-07_09-57-14\P126_-22.840_-4.280.png,both,-0.7885626517755782,-1.5729733627028963,1.7595670648054849
P127_-11.420_-4.280,-11.42,-4.28,8,6,951.0635881612728,1082.5509402648404,C:\Users\Moon\Desktop\OPTİK KISIM\Gimbal\kods\GZGSG-Distortion-Measurement\olcum_15x15_tarih_2026-08-07_11-45-14\P127_-11.420_-4.280.png,P127_-11.420_-4.280,-11.42,-4.28,949.8628409475024,1081.2691489638316,C:\Users\Moon\Desktop\OPTİK KISIM\Gimbal\kods\GZGSG-Distortion-Measurement\olcum_15x15_tarih_2026-08-07_09-57-14\P127_-11.420_-4.280.png,both,-1.2007472137704553,-1.2817913010087523,1.756354978561914
P128_0.000_-4.280,0.0,-4.28,8,7,1023.9912900001884,1084.3379740151986,C:\Users\Moon\Desktop\OPTİK KISIM\Gimbal\kods\GZGSG-Distortion-Measurement\olcum_15x15_tarih_2026-08-07_11-45-14\P128_0.000_-4.280.png,P128_0.000_-4.280,0.0,-4.28,1022.4259969726388,1082.9648978395085,C:\Users\Moon\Desktop\OPTİK KISIM\Gimbal\kods\GZGSG-Distortion-Measurement\olcum_15x15_tarih_2026-08-07_09-57-14\P128_0.000_-4.280.png,both,-1.5652930275496146,-1.3730761756901302,2.0821816554621915
P129_11.420_-4.280,11.42,-4.28,8,8,1097.091436037425,1085.1750701415249,C:\Users\Moon\Desktop\OPTİK KISIM\Gimbal\kods\GZGSG-Distortion-Measurement\olcum_15x15_tarih_2026-08-07_11-45-14\P129_11.420_-4.280.png,P129_11.420_-4.280,11.42,-4.28,1095.5114392254732,1084.204551413395,C:\Users\Moon\Desktop\OPTİK KISIM\Gimbal\kods\GZGSG-Distortion-Measurement\olcum_15x15_tarih_2026-08-07_09-57-14\P129_11.420_-4.280.png,both,-1.579996811951787,-0.9705187281299459,1.85426441680489
P130_22.840_-4.280,22.84,-4.28,8,9,1167.4281379636095,1085.4119843649455,C:\Users\Moon\Desktop\OPTİK KISIM\Gimbal\kods\GZGSG-Distortion-Measurement\olcum_15x15_tarih_2026-08-07_11-45-14\P130_22.840_-4.280.png,P130_22.840_-4.280,22.84,-4.28,1166.2208731359412,1083.9921590663496,C:\Users\Moon\Desktop\OPTİK KISIM\Gimbal\kods\GZGSG-Distortion-Measurement\olcum_15x15_tarih_2026-08-07_09-57-14\P130_22.840_-4.280.png,both,-1.2072648276682685,-1.4198252985959243,1.8637039042342267
P131_34.260_-4.280,34.26,-4.28,8,10,1237.534669854006,1085.988081412886,C:\Users\Moon\Desktop\OPTİK KISIM\Gimbal\kods\GZGSG-Distortion-Measurement\olcum_15x15_tarih_2026-08-07_11-45-14\P131_34.260_-4.280.png,P131_34.260_-4.280,34.26,-4.28,1235.63092524998,1084.642987283294,C:\Users\Moon\Desktop\OPTİK KISIM\Gimbal\kods\GZGSG-Distortion-Measurement\olcum_15x15_tarih_2026-08-07_09-57-14\P131_34.260_-4.280.png,both,-1.9037446040260875,-1.3450941295920984,2.3309915775955883
P132_45.680_-4.280,45.68,-4.28,8,11,1305.153120126939,1085.7711906911425,C:\Users\Moon\Desktop\OPTİK KISIM\Gimbal\kods\GZGSG-Distortion-Measurement\olcum_15x15_tarih_2026-08-07_11-45-14\P132_45.680_-4.280.png,P132_45.680_-4.280,45.68,-4.28,1303.8015932554567,1084.503170435466,C:\Users\Moon\Desktop\OPTİK KISIM\Gimbal\kods\GZGSG-Distortion-Measurement\olcum_15x15_tarih_2026-08-07_09-57-14\P132_45.680_-4.280.png,both,-1.3515268714822923,-1.268020255676447,1.8532404736419057
P133_57.100_-4.280,57.1,-4.28,8,12,1372.4821074289073,1084.5003936470614,C:\Users\Moon\Desktop\OPTİK KISIM\Gimbal\kods\GZGSG-Distortion-Measurement\olcum_15x15_tarih_2026-08-07_11-45-14\P133_57.100_-4.280.png,P133_57.100_-4.280,57.1,-4.28,1371.244810428992,1083.4417178491144,C:\Users\Moon\Desktop\OPTİK KISIM\Gimbal\kods\GZGSG-Distortion-Measurement\olcum_15x15_tarih_2026-08-07_09-57-14\P133_57.100_-4.280.png,both,-1.2372969999153156,-1.0586757979469894,1.6284036081875204
P134_68.520_-4.280,68.52,-4.28,8,13,1435.1104915259548,1084.6741434583294,C:\Users\Moon\Desktop\OPTİK KISIM\Gimbal\kods\GZGSG-Distortion-Measurement\olcum_15x15_tarih_2026-08-07_11-45-14\P134_68.520_-4.280.png,P134_68.520_-4.280,68.52,-4.28,1434.261293891574,1083.5,C:\Users\Moon\Desktop\OPTİK KISIM\Gimbal\kods\GZGSG-Distortion-Measurement\olcum_15x15_tarih_2026-08-07_09-57-14\P134_68.520_-4.280.png,both,-0.8491976343807437,-1.174143458329354,1.4490512354556229
P135_79.940_-4.280,79.94,-4.28,8,14,1496.763622768483,1085.543583512478,C:\Users\Moon\Desktop\OPTİK KISIM\Gimbal\kods\GZGSG-Distortion-Measurement\olcum_15x15_tarih_2026-08-07_11-45-14\P135_79.940_-4.280.png,P135_79.940_-4.280,79.94,-4.28,1496.0554098173366,1084.4680701476864,C:\Users\Moon\Desktop\OPTİK KISIM\Gimbal\kods\GZGSG-Distortion-Measurement\olcum_15x15_tarih_2026-08-07_09-57-14\P135_79.940_-4.280.png,both,-0.708212951146379,-1.0755133647917319,1.287747872068557
P136_-79.940_-8.560,-79.94,-8.56,9,0,562.0281986448521,1129.160168567179,C:\Users\Moon\Desktop\OPTİK KISIM\Gimbal\kods\GZGSG-Distortion-Measurement\olcum_15x15_tarih_2026-08-07_11-45-14\P136_-79.940_-8.560.png,P136_-79.940_-8.560,-79.94,-8.56,561.4786363364478,1127.4532092127135,C:\Users\Moon\Desktop\OPTİK KISIM\Gimbal\kods\GZGSG-Distortion-Measurement\olcum_15x15_tarih_2026-08-07_09-57-14\P136_-79.940_-8.560.png,both,-0.5495623084042336,-1.7069593544654253,1.7932453732313411
P137_-68.520_-8.560,-68.52,-8.56,9,1,618.0200386363966,1129.676877714352,C:\Users\Moon\Desktop\OPTİK KISIM\Gimbal\kods\GZGSG-Distortion-Measurement\olcum_15x15_tarih_2026-08-07_11-45-14\P137_-68.520_-8.560.png,P137_-68.520_-8.560,-68.52,-8.56,617.4102144783058,1128.092269929407,C:\Users\Moon\Desktop\OPTİK KISIM\Gimbal\kods\GZGSG-Distortion-Measurement\olcum_15x15_tarih_2026-08-07_09-57-14\P137_-68.520_-8.560.png,both,-0.6098241580908734,-1.5846077849450921,1.697900861622914
P138_-57.100_-8.560,-57.1,-8.56,9,2,679.2041202913684,1129.9633974734484,C:\Users\Moon\Desktop\OPTİK KISIM\Gimbal\kods\GZGSG-Distortion-Measurement\olcum_15x15_tarih_2026-08-07_11-45-14\P138_-57.100_-8.560.png,P138_-57.100_-8.560,-57.1,-8.56,678.8377388850987,1128.6789650645408,C:\Users\Moon\Desktop\OPTİK KISIM\Gimbal\kods\GZGSG-Distortion-Measurement\olcum_15x15_tarih_2026-08-07_09-57-14\P138_-57.100_-8.560.png,both,-0.36638140626973836,-1.2844324089076053,1.3356653577570936
P139_-45.680_-8.560,-45.68,-8.56,9,3,743.1531237392928,1133.3553779228862,C:\Users\Moon\Desktop\OPTİK KISIM\Gimbal\kods\GZGSG-Distortion-Measurement\olcum_15x15_tarih_2026-08-07_11-45-14\P139_-45.680_-8.560.png,P139_-45.680_-8.560,-45.68,-8.56,742.4250155188811,1131.60856642234,C:\Users\Moon\Desktop\OPTİK KISIM\Gimbal\kods\GZGSG-Distortion-Measurement\olcum_15x15_tarih_2026-08-07_09-57-14\P139_-45.680_-8.560.png,both,-0.7281082204117411,-1.7468115005463005,1.8924830247777575
P140_-34.260_-8.560,-34.26,-8.56,9,4,810.0814884954076,1135.3577994508096,C:\Users\Moon\Desktop\OPTİK KISIM\Gimbal\kods\GZGSG-Distortion-Measurement\olcum_15x15_tarih_2026-08-07_11-45-14\P140_-34.260_-8.560.png,P140_-34.260_-8.560,-34.26,-8.56,810.6916627689429,1133.7754727382066,C:\Users\Moon\Desktop\OPTİK KISIM\Gimbal\kods\GZGSG-Distortion-Measurement\olcum_15x15_tarih_2026-08-07_09-57-14\P140_-34.260_-8.560.png,both,0.6101742735353355,-1.582326712602935,1.6958981306379182
P141_-22.840_-8.560,-22.84,-8.56,9,5,879.3442729895872,1136.9257056831011,C:\Users\Moon\Desktop\OPTİK KISIM\Gimbal\kods\GZGSG-Distortion-Measurement\olcum_15x15_tarih_2026-08-07_11-45-14\P141_-22.840_-8.560.png,P141_-22.840_-8.560,-22.84,-8.56,879.8293957697194,1135.970902890766,C:\Users\Moon\Desktop\OPTİK KISIM\Gimbal\kods\GZGSG-Distortion-Measurement\olcum_15x15_tarih_2026-08-07_09-57-14\P141_-22.840_-8.560.png,both,0.4851227801322011,-0.9548027923351583,1.070977349925857
P142_-11.420_-8.560,-11.42,-8.56,9,6,950.9960682280088,1137.9976607150163,C:\Users\Moon\Desktop\OPTİK KISIM\Gimbal\kods\GZGSG-Distortion-Measurement\olcum_15x15_tarih_2026-08-07_11-45-14\P142_-11.420_-8.560.png,P142_-11.420_-8.560,-11.42,-8.56,949.9382116258628,1136.7106412553917,C:\Users\Moon\Desktop\OPTİK KISIM\Gimbal\kods\GZGSG-Distortion-Measurement\olcum_15x15_tarih_2026-08-07_09-57-14\P142_-11.420_-8.560.png,both,-1.0578566021459892,-1.2870194596246165,1.6659770947273846
P143_0.000_-8.560,0.0,-8.56,9,7,1023.116160195824,1139.2618312143827,C:\Users\Moon\Desktop\OPTİK KISIM\Gimbal\kods\GZGSG-Distortion-Measurement\olcum_15x15_tarih_2026-08-07_11-45-14\P143_0.000_-8.560.png,P143_0.000_-8.560,0.0,-8.56,1021.9180597217148,1138.0418079444871,C:\Users\Moon\Desktop\OPTİK KISIM\Gimbal\kods\GZGSG-Distortion-Measurement\olcum_15x15_tarih_2026-08-07_09-57-14\P143_0.000_-8.560.png,both,-1.1981004741091965,-1.2200232698955915,1.7099419654325736
P144_11.420_-8.560,11.42,-8.56,9,8,1094.5923257564805,1140.9377514745695,C:\Users\Moon\Desktop\OPTİK KISIM\Gimbal\kods\GZGSG-Distortion-Measurement\olcum_15x15_tarih_2026-08-07_11-45-14\P144_11.420_-8.560.png,P144_11.420_-8.560,11.42,-8.56,1094.270395582691,1139.5973584343149,C:\Users\Moon\Desktop\OPTİK KISIM\Gimbal\kods\GZGSG-Distortion-Measurement\olcum_15x15_tarih_2026-08-07_09-57-14\P144_11.420_-8.560.png,both,-0.3219301737894966,-1.3403930402546393,1.3785109862308718
P145_22.840_-8.560,22.84,-8.56,9,9,1166.6298402693217,1141.6221146663663,C:\Users\Moon\Desktop\OPTİK KISIM\Gimbal\kods\GZGSG-Distortion-Measurement\olcum_15x15_tarih_2026-08-07_11-45-14\P145_22.840_-8.560.png,P145_22.840_-8.560,22.84,-8.56,1166.3082088627434,1140.4912225453963,C:\Users\Moon\Desktop\OPTİK KISIM\Gimbal\kods\GZGSG-Distortion-Measurement\olcum_15x15_tarih_2026-08-07_09-57-14\P145_22.840_-8.560.png,both,-0.3216314065782626,-1.1308921209699747,1.1757396612215987
P146_34.260_-8.560,34.26,-8.56,9,10,1236.8348593679575,1142.1354266061935,C:\Users\Moon\Desktop\OPTİK KISIM\Gimbal\kods\GZGSG-Distortion-Measurement\olcum_15x15_tarih_2026-08-07_11-45-14\P146_34.260_-8.560.png,P146_34.260_-8.560,34.26,-8.56,1235.1689593481533,1140.5613479762642,C:\Users\Moon\Desktop\OPTİK KISIM\Gimbal\kods\GZGSG-Distortion-Measurement\olcum_15x15_tarih_2026-08-07_09-57-14\P146_34.260_-8.560.png,both,-1.6659000198042122,-1.5740786299293177,2.291930716488575
P147_45.680_-8.560,45.68,-8.56,9,11,1305.7168805383817,1141.8681423107578,C:\Users\Moon\Desktop\OPTİK KISIM\Gimbal\kods\GZGSG-Distortion-Measurement\olcum_15x15_tarih_2026-08-07_11-45-14\P147_45.680_-8.560.png,P147_45.680_-8.560,45.68,-8.56,1304.3783728361389,1140.4457310092876,C:\Users\Moon\Desktop\OPTİK KISIM\Gimbal\kods\GZGSG-Distortion-Measurement\olcum_15x15_tarih_2026-08-07_09-57-14\P147_45.680_-8.560.png,both,-1.3385077022428504,-1.4224113014702198,1.9531658351286099
P148_57.100_-8.560,57.1,-8.56,9,12,1370.0416882176476,1142.335287288944,C:\Users\Moon\Desktop\OPTİK KISIM\Gimbal\kods\GZGSG-Distortion-Measurement\olcum_15x15_tarih_2026-08-07_11-45-14\P148_57.100_-8.560.png,P148_57.100_-8.560,57.1,-8.56,1368.4892163701268,1140.988964784489,C:\Users\Moon\Desktop\OPTİK KISIM\Gimbal\kods\GZGSG-Distortion-Measurement\olcum_15x15_tarih_2026-08-07_09-57-14\P148_57.100_-8.560.png,both,-1.552471847520792,-1.3463225044549745,2.054933848897948
P149_68.520_-8.560,68.52,-8.56,9,13,1431.6761583027023,1141.2043133039658,C:\Users\Moon\Desktop\OPTİK KISIM\Gimbal\kods\GZGSG-Distortion-Measurement\olcum_15x15_tarih_2026-08-07_11-45-14\P149_68.520_-8.560.png,P149_68.520_-8.560,68.52,-8.56,1429.7551711808203,1140.0210814702823,C:\Users\Moon\Desktop\OPTİK KISIM\Gimbal\kods\GZGSG-Distortion-Measurement\olcum_15x15_tarih_2026-08-07_09-57-14\P149_68.520_-8.560.png,both,-1.9209871218820354,-1.1832318336835215,2.256153606179928
P150_79.940_-8.560,79.94,-8.56,9,14,1492.9232418792187,1139.3756467575472,C:\Users\Moon\Desktop\OPTİK KISIM\Gimbal\kods\GZGSG-Distortion-Measurement\olcum_15x15_tarih_2026-08-07_11-45-14\P150_79.940_-8.560.png,P150_79.940_-8.560,79.94,-8.56,1492.3008552879824,1137.690848225084,C:\Users\Moon\Desktop\OPTİK KISIM\Gimbal\kods\GZGSG-Distortion-Measurement\olcum_15x15_tarih_2026-08-07_09-57-14\P150_79.940_-8.560.png,both,-0.6223865912363635,-1.684798532463219,1.7960821707096357
P151_-79.940_-12.840,-79.94,-12.84,10,0,562.7776987979745,1177.8702597593524,C:\Users\Moon\Desktop\OPTİK KISIM\Gimbal\kods\GZGSG-Distortion-Measurement\olcum_15x15_tarih_2026-08-07_11-45-14\P151_-79.940_-12.840.png,P151_-79.940_-12.840,-79.94,-12.84,562.2592720662794,1176.6637430316398,C:\Users\Moon\Desktop\OPTİK KISIM\Gimbal\kods\GZGSG-Distortion-Measurement\olcum_15x15_tarih_2026-08-07_09-57-14\P151_-79.940_-12.840.png,both,-0.5184267316950582,-1.2065167277125965,1.3131827330521566
P152_-68.520_-12.840,-68.52,-12.84,10,1,618.229128338471,1179.169803786894,C:\Users\Moon\Desktop\OPTİK KISIM\Gimbal\kods\GZGSG-Distortion-Measurement\olcum_15x15_tarih_2026-08-07_11-45-14\P152_-68.520_-12.840.png,P152_-68.520_-12.840,-68.52,-12.84,617.9262857827796,1177.7564961150888,C:\Users\Moon\Desktop\OPTİK KISIM\Gimbal\kods\GZGSG-Distortion-Measurement\olcum_15x15_tarih_2026-08-07_09-57-14\P152_-68.520_-12.840.png,both,-0.30284255569142715,-1.4133076718051143,1.4453899780754353
P153_-57.100_-12.840,-57.1,-12.84,10,2,680.2910544536034,1183.6330781114332,C:\Users\Moon\Desktop\OPTİK KISIM\Gimbal\kods\GZGSG-Distortion-Measurement\olcum_15x15_tarih_2026-08-07_11-45-14\P153_-57.100_-12.840.png,P153_-57.100_-12.840,-57.1,-12.84,680.3396867904756,1182.3510838136267,C:\Users\Moon\Desktop\OPTİK KISIM\Gimbal\kods\GZGSG-Distortion-Measurement\olcum_15x15_tarih_2026-08-07_09-57-14\P153_-57.100_-12.840.png,both,0.04863233687228785,-1.2819942978064773,1.2829163978209892
P154_-45.680_-12.840,-45.68,-12.84,10,3,744.178117501458,1185.7907831649802,C:\Users\Moon\Desktop\OPTİK KISIM\Gimbal\kods\GZGSG-Distortion-Measurement\olcum_15x15_tarih_2026-08-07_11-45-14\P154_-45.680_-12.840.png,P154_-45.680_-12.840,-45.68,-12.84,743.6470784901887,1185.0862235970503,C:\Users\Moon\Desktop\OPTİK KISIM\Gimbal\kods\GZGSG-Distortion-Measurement\olcum_15x15_tarih_2026-08-07_09-57-14\P154_-45.680_-12.840.png,both,-0.5310390112692858,-0.7045595679298913,0.8822735495589877
P155_-34.260_-12.840,-34.26,-12.84,10,4,813.2408409537683,1189.053729479754,C:\Users\Moon\Desktop\OPTİK KISIM\Gimbal\kods\GZGSG-Distortion-Measurement\olcum_15x15_tarih_2026-08-07_11-45-14\P155_-34.260_-12.840.png,P155_-34.260_-12.840,-34.26,-12.84,811.4763213143833,1187.743462040606,C:\Users\Moon\Desktop\OPTİK KISIM\Gimbal\kods\GZGSG-Distortion-Measurement\olcum_15x15_tarih_2026-08-07_09-57-14\P155_-34.260_-12.840.png,both,-1.7645196393849574,-1.3102674391482196,2.1978012466706933
P156_-22.840_-12.840,-22.84,-12.84,10,5,880.8043487193387,1190.2378546048803,C:\Users\Moon\Desktop\OPTİK KISIM\Gimbal\kods\GZGSG-Distortion-Measurement\olcum_15x15_tarih_2026-08-07_11-45-14\P156_-22.840_-12.840.png,P156_-22.840_-12.840,-22.84,-12.84,878.7194714586835,1188.8417151404828,C:\Users\Moon\Desktop\OPTİK KISIM\Gimbal\kods\GZGSG-Distortion-Measurement\olcum_15x15_tarih_2026-08-07_09-57-14\P156_-22.840_-12.840.png,both,-2.084877260655162,-1.3961394643974927,2.5091669127511405
P157_-11.420_-12.840,-11.42,-12.84,10,6,950.100767784464,1192.8104411507345,C:\Users\Moon\Desktop\OPTİK KISIM\Gimbal\kods\GZGSG-Distortion-Measurement\olcum_15x15_tarih_2026-08-07_11-45-14\P157_-11.420_-12.840.png,P157_-11.420_-12.840,-11.42,-12.84,948.129723650762,1191.611229689678,C:\Users\Moon\Desktop\OPTİK KISIM\Gimbal\kods\GZGSG-Distortion-Measurement\olcum_15x15_tarih_2026-08-07_09-57-14\P157_-11.420_-12.840.png,both,-1.9710441337019802,-1.199211461056393,2.307189438544221
P158_0.000_-12.840,0.0,-12.84,10,7,1023.0772116135444,1194.923007027756,C:\Users\Moon\Desktop\OPTİK KISIM\Gimbal\kods\GZGSG-Distortion-Measurement\olcum_15x15_tarih_2026-08-07_11-45-14\P158_0.000_-12.840.png,P158_0.000_-12.840,0.0,-12.84,1021.0369558696246,1193.6374686891577,C:\Users\Moon\Desktop\OPTİK KISIM\Gimbal\kods\GZGSG-Distortion-Measurement\olcum_15x15_tarih_2026-08-07_09-57-14\P158_0.000_-12.840.png,both,-2.0402557439197153,-1.2855383385983714,2.4114834273956047
P159_11.420_-12.840,11.42,-12.84,10,8,1095.2169089910217,1194.9374547602542,C:\Users\Moon\Desktop\OPTİK KISIM\Gimbal\kods\GZGSG-Distortion-Measurement\olcum_15x15_tarih_2026-08-07_11-45-14\P159_11.420_-12.840.png,P159_11.420_-12.840,11.42,-12.84,1092.6049865782095,1193.972722621278,C:\Users\Moon\Desktop\OPTİK KISIM\Gimbal\kods\GZGSG-Distortion-Measurement\olcum_15x15_tarih_2026-08-07_09-57-14\P159_11.420_-12.840.png,both,-2.6119224128121914,-0.9647321389761601,2.784393433141979
P160_22.840_-12.840,22.84,-12.84,10,9,1165.154052266912,1196.7802115976194,C:\Users\Moon\Desktop\OPTİK KISIM\Gimbal\kods\GZGSG-Distortion-Measurement\olcum_15x15_tarih_2026-08-07_11-45-14\P160_22.840_-12.840.png,P160_22.840_-12.840,22.84,-12.84,1163.9372557163094,1195.5241424824628,C:\Users\Moon\Desktop\OPTİK KISIM\Gimbal\kods\GZGSG-Distortion-Measurement\olcum_15x15_tarih_2026-08-07_09-57-14\P160_22.840_-12.840.png,both,-1.2167965506025666,-1.2560691151566061,1.7488005797141661
P161_34.260_-12.840,34.26,-12.84,10,10,1234.806323993408,1197.019650483363,C:\Users\Moon\Desktop\OPTİK KISIM\Gimbal\kods\GZGSG-Distortion-Measurement\olcum_15x15_tarih_2026-08-07_11-45-14\P161_34.260_-12.840.png,P161_34.260_-12.840,34.26,-12.84,1232.8753134688627,1195.805927542621,C:\Users\Moon\Desktop\OPTİK KISIM\Gimbal\kods\GZGSG-Distortion-Measurement\olcum_15x15_tarih_2026-08-07_09-57-14\P161_34.260_-12.840.png,both,-1.9310105245451723,-1.2137229407419454,2.2807729003097825
P162_45.680_-12.840,45.68,-12.84,10,11,1302.5161710898117,1197.065123038503,C:\Users\Moon\Desktop\OPTİK KISIM\Gimbal\kods\GZGSG-Distortion-Measurement\olcum_15x15_tarih_2026-08-07_11-45-14\P162_45.680_-12.840.png,P162_45.680_-12.840,45.68,-12.84,1301.2206151248608,1196.02118431627,C:\Users\Moon\Desktop\OPTİK KISIM\Gimbal\kods\GZGSG-Distortion-Measurement\olcum_15x15_tarih_2026-08-07_09-57-14\P162_45.680_-12.840.png,both,-1.295555964950836,-1.0439387222331789,1.663812884340524
P163_57.100_-12.840,57.1,-12.84,10,12,1369.4327005587052,1195.645744884156,C:\Users\Moon\Desktop\OPTİK KISIM\Gimbal\kods\GZGSG-Distortion-Measurement\olcum_15x15_tarih_2026-08-07_11-45-14\P163_57.100_-12.840.png,P163_57.100_-12.840,57.1,-12.84,1368.2692615347323,1194.4239821746548,C:\Users\Moon\Desktop\OPTİK KISIM\Gimbal\kods\GZGSG-Distortion-Measurement\olcum_15x15_tarih_2026-08-07_09-57-14\P163_57.100_-12.840.png,both,-1.1634390239728418,-1.221762709501263,1.6870964645896056
P164_68.520_-12.840,68.52,-12.84,10,13,1429.7681153118156,1194.44892900757,C:\Users\Moon\Desktop\OPTİK KISIM\Gimbal\kods\GZGSG-Distortion-Measurement\olcum_15x15_tarih_2026-08-07_11-45-14\P164_68.520_-12.840.png,P164_68.520_-12.840,68.52,-12.84,1429.804836839603,1192.8685636207551,C:\Users\Moon\Desktop\OPTİK KISIM\Gimbal\kods\GZGSG-Distortion-Measurement\olcum_15x15_tarih_2026-08-07_09-57-14\P164_68.520_-12.840.png,both,0.036721527787449304,-1.5803653868149468,1.5807919617855477
P165_79.940_-12.840,79.94,-12.84,10,14,1489.693706437731,1193.7959741146628,C:\Users\Moon\Desktop\OPTİK KISIM\Gimbal\kods\GZGSG-Distortion-Measurement\olcum_15x15_tarih_2026-08-07_11-45-14\P165_79.940_-12.840.png,P165_79.940_-12.840,79.94,-12.84,1488.605639101302,1192.751876230315,C:\Users\Moon\Desktop\OPTİK KISIM\Gimbal\kods\GZGSG-Distortion-Measurement\olcum_15x15_tarih_2026-08-07_09-57-14\P165_79.940_-12.840.png,both,-1.0880673364290487,-1.0440978843478206,1.5079890320235754
P166_-79.940_-17.120,-79.94,-17.12,11,0,563.5596718336011,1228.2623088477667,C:\Users\Moon\Desktop\OPTİK KISIM\Gimbal\kods\GZGSG-Distortion-Measurement\olcum_15x15_tarih_2026-08-07_11-45-14\P166_-79.940_-17.120.png,P166_-79.940_-17.120,-79.94,-17.12,563.0830296893396,1226.8562468273522,C:\Users\Moon\Desktop\OPTİK KISIM\Gimbal\kods\GZGSG-Distortion-Measurement\olcum_15x15_tarih_2026-08-07_09-57-14\P166_-79.940_-17.120.png,both,-0.4766421442615183,-1.406062020414538,1.4846542152765507
P167_-68.520_-17.120,-68.52,-17.12,11,1,624.1588317399618,1234.2625525812618,C:\Users\Moon\Desktop\OPTİK KISIM\Gimbal\kods\GZGSG-Distortion-Measurement\olcum_15x15_tarih_2026-08-07_11-45-14\P167_-68.520_-17.120.png,P167_-68.520_-17.120,-68.52,-17.12,622.1044586378321,1232.9838130373307,C:\Users\Moon\Desktop\OPTİK KISIM\Gimbal\kods\GZGSG-Distortion-Measurement\olcum_15x15_tarih_2026-08-07_09-57-14\P167_-68.520_-17.120.png,both,-2.0543731021297162,-1.278739543931124,2.419839594677146
P168_-57.100_-17.120,-57.1,-17.12,11,2,683.2470881932423,1237.1997935096244,C:\Users\Moon\Desktop\OPTİK KISIM\Gimbal\kods\GZGSG-Distortion-Measurement\olcum_15x15_tarih_2026-08-07_11-45-14\P168_-57.100_-17.120.png,P168_-57.100_-17.120,-57.1,-17.12,682.7024387638048,1236.5994967273218,C:\Users\Moon\Desktop\OPTİK KISIM\Gimbal\kods\GZGSG-Distortion-Measurement\olcum_15x15_tarih_2026-08-07_09-57-14\P168_-57.100_-17.120.png,both,-0.544649429437527,-0.6002967823026211,0.810554888844367
P169_-45.680_-17.120,-45.68,-17.12,11,3,746.5677402966215,1240.634522468068,C:\Users\Moon\Desktop\OPTİK KISIM\Gimbal\kods\GZGSG-Distortion-Measurement\olcum_15x15_tarih_2026-08-07_11-45-14\P169_-45.680_-17.120.png,P169_-45.680_-17.120,-45.68,-17.12,745.8978584499604,1239.5704779835191,C:\Users\Moon\Desktop\OPTİK KISIM\Gimbal\kods\GZGSG-Distortion-Measurement\olcum_15x15_tarih_2026-08-07_09-57-14\P169_-45.680_-17.120.png,both,-0.6698818466611556,-1.0640444845489583,1.2573513246444759
P170_-34.260_-17.120,-34.26,-17.12,11,4,811.8274961403645,1243.6993028381671,C:\Users\Moon\Desktop\OPTİK KISIM\Gimbal\kods\GZGSG-Distortion-Measurement\olcum_15x15_tarih_2026-08-07_11-45-14\P170_-34.260_-17.120.png,P170_-34.260_-17.120,-34.26,-17.12,811.2924421555772,1242.6139651452984,C:\Users\Moon\Desktop\OPTİK KISIM\Gimbal\kods\GZGSG-Distortion-Measurement\olcum_15x15_tarih_2026-08-07_09-57-14\P170_-34.260_-17.120.png,both,-0.5350539847872824,-1.085337692868734,1.2100581284377936
P171_-22.840_-17.120,-22.84,-17.12,11,5,881.169613068087,1246.9721909397751,C:\Users\Moon\Desktop\OPTİK KISIM\Gimbal\kods\GZGSG-Distortion-Measurement\olcum_15x15_tarih_2026-08-07_11-45-14\P171_-22.840_-17.120.png,P171_-22.840_-17.120,-22.84,-17.12,880.8817494564594,1245.7466707248504,C:\Users\Moon\Desktop\OPTİK KISIM\Gimbal\kods\GZGSG-Distortion-Measurement\olcum_15x15_tarih_2026-08-07_09-57-14\P171_-22.840_-17.120.png,both,-0.28786361162758567,-1.2255202149246998,1.2588745990321513
P172_-11.420_-17.120,-11.42,-17.12,11,6,950.202070914531,1246.6813087515964,C:\Users\Moon\Desktop\OPTİK KISIM\Gimbal\kods\GZGSG-Distortion-Measurement\olcum_15x15_tarih_2026-08-07_11-45-14\P172_-11.420_-17.120.png,P172_-11.420_-17.120,-11.42,-17.12,950.0480289337723,1245.6340830811416,C:\Users\Moon\Desktop\OPTİK KISIM\Gimbal\kods\GZGSG-Distortion-Measurement\olcum_15x15_tarih_2026-08-07_09-57-14\P172_-11.420_-17.120.png,both,-0.1540419807586204,-1.0472256704547362,1.0584944670121856
P173_0.000_-17.120,0.0,-17.12,11,7,1021.7665311955584,1247.951649409585,C:\Users\Moon\Desktop\OPTİK KISIM\Gimbal\kods\GZGSG-Distortion-Measurement\olcum_15x15_tarih_2026-08-07_11-45-14\P173_0.000_-17.120.png,P173_0.000_-17.120,0.0,-17.12,1020.9452996845424,1246.8370104343603,C:\Users\Moon\Desktop\OPTİK KISIM\Gimbal\kods\GZGSG-Distortion-Measurement\olcum_15x15_tarih_2026-08-07_09-57-14\P173_0.000_-17.120.png,both,-0.8212315110159807,-1.1146389752245796,1.3845003574485966
P174_11.420_-17.120,11.42,-17.12,11,8,1089.7578800730878,1249.4136567260307,C:\Users\Moon\Desktop\OPTİK KISIM\Gimbal\kods\GZGSG-Distortion-Measurement\olcum_15x15_tarih_2026-08-07_11-45-14\P174_11.420_-17.120.png,P174_11.420_-17.120,11.42,-17.12,1089.489750748622,1248.105496646269,C:\Users\Moon\Desktop\OPTİK KISIM\Gimbal\kods\GZGSG-Distortion-Measurement\olcum_15x15_tarih_2026-08-07_09-57-14\P174_11.420_-17.120.png,both,-0.26812932446568993,-1.308160079761592,1.3353561805452063
P175_22.840_-17.120,22.84,-17.12,11,9,1162.3654684720868,1250.6313629582878,C:\Users\Moon\Desktop\OPTİK KISIM\Gimbal\kods\GZGSG-Distortion-Measurement\olcum_15x15_tarih_2026-08-07_11-45-14\P175_22.840_-17.120.png,P175_22.840_-17.120,22.84,-17.12,1162.1316421844426,1249.7071475466676,C:\Users\Moon\Desktop\OPTİK KISIM\Gimbal\kods\GZGSG-Distortion-Measurement\olcum_15x15_tarih_2026-08-07_09-57-14\P175_22.840_-17.120.png,both,-0.23382628764420588,-0.9242154116202528,0.9533356491130834
P176_34.260_-17.120,34.26,-17.12,11,10,1229.8388422932394,1249.2244331646298,C:\Users\Moon\Desktop\OPTİK KISIM\Gimbal\kods\GZGSG-Distortion-Measurement\olcum_15x15_tarih_2026-08-07_11-45-14\P176_34.260_-17.120.png,P176_34.260_-17.120,34.26,-17.12,1229.8441035283863,1248.1536348372215,C:\Users\Moon\Desktop\OPTİK KISIM\Gimbal\kods\GZGSG-Distortion-Measurement\olcum_15x15_tarih_2026-08-07_09-57-14\P176_34.260_-17.120.png,both,0.0052612351469178975,-1.0707983274082835,1.070811252544373
P177_45.680_-17.120,45.68,-17.12,11,11,1299.7350708791723,1249.977682428002,C:\Users\Moon\Desktop\OPTİK KISIM\Gimbal\kods\GZGSG-Distortion-Measurement\olcum_15x15_tarih_2026-08-07_11-45-14\P177_45.680_-17.120.png,P177_45.680_-17.120,45.68,-17.12,1299.4859726546154,1248.8243443369768,C:\Users\Moon\Desktop\OPTİK KISIM\Gimbal\kods\GZGSG-Distortion-Measurement\olcum_15x15_tarih_2026-08-07_09-57-14\P177_45.680_-17.120.png,both,-0.24909822455697395,-1.1533380910252617,1.1799316411077516
P178_57.100_-17.120,57.1,-17.12,11,12,1359.8314767831412,1250.6027291106343,C:\Users\Moon\Desktop\OPTİK KISIM\Gimbal\kods\GZGSG-Distortion-Measurement\olcum_15x15_tarih_2026-08-07_11-45-14\P178_57.100_-17.120.png,P178_57.100_-17.120,57.1,-17.12,1358.886576942572,1249.3947481900093,C:\Users\Moon\Desktop\OPTİK KISIM\Gimbal\kods\GZGSG-Distortion-Measurement\olcum_15x15_tarih_2026-08-07_09-57-14\P178_57.100_-17.120.png,both,-0.9448998405691782,-1.2079809206250047,1.5336406402093328
P179_68.520_-17.120,68.52,-17.12,11,13,1424.438564511371,1246.62023279077,C:\Users\Moon\Desktop\OPTİK KISIM\Gimbal\kods\GZGSG-Distortion-Measurement\olcum_15x15_tarih_2026-08-07_11-45-14\P179_68.520_-17.120.png,P179_68.520_-17.120,68.52,-17.12,1424.6888316162187,1245.9839591874384,C:\Users\Moon\Desktop\OPTİK KISIM\Gimbal\kods\GZGSG-Distortion-Measurement\olcum_15x15_tarih_2026-08-07_09-57-14\P179_68.520_-17.120.png,both,0.2502671048478078,-0.6362736033315741,0.6837234251255758
P180_79.940_-17.120,79.94,-17.12,11,14,1482.5596667663713,1246.022291300324,C:\Users\Moon\Desktop\OPTİK KISIM\Gimbal\kods\GZGSG-Distortion-Measurement\olcum_15x15_tarih_2026-08-07_11-45-14\P180_79.940_-17.120.png,P180_79.940_-17.120,79.94,-17.12,1480.4889293807803,1245.7655410749333,C:\Users\Moon\Desktop\OPTİK KISIM\Gimbal\kods\GZGSG-Distortion-Measurement\olcum_15x15_tarih_2026-08-07_09-57-14\P180_79.940_-17.120.png,both,-2.0707373855909736,-0.25675022539076053,2.0865938747926838
P181_-79.940_-21.400,-79.94,-21.4,12,0,568.6868608121611,1283.7011252464365,C:\Users\Moon\Desktop\OPTİK KISIM\Gimbal\kods\GZGSG-Distortion-Measurement\olcum_15x15_tarih_2026-08-07_11-45-14\P181_-79.940_-21.400.png,P181_-79.940_-21.400,-79.94,-21.4,569.1455198273235,1282.4226197390533,C:\Users\Moon\Desktop\OPTİK KISIM\Gimbal\kods\GZGSG-Distortion-Measurement\olcum_15x15_tarih_2026-08-07_09-57-14\P181_-79.940_-21.400.png,both,0.458659015162425,-1.2785055073832154,1.35828731297873
P182_-68.520_-21.400,-68.52,-21.4,12,1,624.305339395294,1285.5150715614004,C:\Users\Moon\Desktop\OPTİK KISIM\Gimbal\kods\GZGSG-Distortion-Measurement\olcum_15x15_tarih_2026-08-07_11-45-14\P182_-68.520_-21.400.png,P182_-68.520_-21.400,-68.52,-21.4,623.1005215394708,1284.246575552154,C:\Users\Moon\Desktop\OPTİK KISIM\Gimbal\kods\GZGSG-Distortion-Measurement\olcum_15x15_tarih_2026-08-07_09-57-14\P182_-68.520_-21.400.png,both,-1.204817855823194,-1.268496009246519,1.7494765477664294
P183_-57.100_-21.400,-57.1,-21.4,12,2,688.7354734623749,1290.4985179485177,C:\Users\Moon\Desktop\OPTİK KISIM\Gimbal\kods\GZGSG-Distortion-Measurement\olcum_15x15_tarih_2026-08-07_11-45-14\P183_-57.100_-21.400.png,P183_-57.100_-21.400,-57.1,-21.4,687.8575031324523,1288.9608175892745,C:\Users\Moon\Desktop\OPTİK KISIM\Gimbal\kods\GZGSG-Distortion-Measurement\olcum_15x15_tarih_2026-08-07_09-57-14\P183_-57.100_-21.400.png,both,-0.8779703299226185,-1.5377003592432175,1.7706931679546154
P184_-45.680_-21.400,-45.68,-21.4,12,3,748.6573221902107,1295.016048284384,C:\Users\Moon\Desktop\OPTİK KISIM\Gimbal\kods\GZGSG-Distortion-Measurement\olcum_15x15_tarih_2026-08-07_11-45-14\P184_-45.680_-21.400.png,P184_-45.680_-21.400,-45.68,-21.4,747.5290550331629,1292.0384702300016,C:\Users\Moon\Desktop\OPTİK KISIM\Gimbal\kods\GZGSG-Distortion-Measurement\olcum_15x15_tarih_2026-08-07_09-57-14\P184_-45.680_-21.400.png,both,-1.1282671570478442,-2.9775780543823203,3.18417302413233
P185_-34.260_-21.400,-34.26,-21.4,12,4,813.7526517516268,1294.3015973539511,C:\Users\Moon\Desktop\OPTİK KISIM\Gimbal\kods\GZGSG-Distortion-Measurement\olcum_15x15_tarih_2026-08-07_11-45-14\P185_-34.260_-21.400.png,P185_-34.260_-21.400,-34.26,-21.4,813.2698280590616,1293.5143437360296,C:\Users\Moon\Desktop\OPTİK KISIM\Gimbal\kods\GZGSG-Distortion-Measurement\olcum_15x15_tarih_2026-08-07_09-57-14\P185_-34.260_-21.400.png,both,-0.4828236925651481,-0.7872536179215786,0.9235188016672208
P186_-22.840_-21.400,-22.84,-21.4,12,5,881.861899377624,1296.101863195257,C:\Users\Moon\Desktop\OPTİK KISIM\Gimbal\kods\GZGSG-Distortion-Measurement\olcum_15x15_tarih_2026-08-07_11-45-14\P186_-22.840_-21.400.png,P186_-22.840_-21.400,-22.84,-21.4,880.0639647333376,1294.6723300278156,C:\Users\Moon\Desktop\OPTİK KISIM\Gimbal\kods\GZGSG-Distortion-Measurement\olcum_15x15_tarih_2026-08-07_09-57-14\P186_-22.840_-21.400.png,both,-1.7979346442864426,-1.4295331674413774,2.2969836877828267
P187_-11.420_-21.400,-11.42,-21.4,12,6,950.1689669564946,1299.5489965244053,C:\Users\Moon\Desktop\OPTİK KISIM\Gimbal\kods\GZGSG-Distortion-Measurement\olcum_15x15_tarih_2026-08-07_11-45-14\P187_-11.420_-21.400.png,P187_-11.420_-21.400,-11.42,-21.4,949.342310336924,1298.648585947239,C:\Users\Moon\Desktop\OPTİK KISIM\Gimbal\kods\GZGSG-Distortion-Measurement\olcum_15x15_tarih_2026-08-07_09-57-14\P187_-11.420_-21.400.png,both,-0.8266566195705991,-0.9004105771662125,1.222333986336256
P188_0.000_-21.400,0.0,-21.4,12,7,1020.4688506791604,1301.1581987291772,C:\Users\Moon\Desktop\OPTİK KISIM\Gimbal\kods\GZGSG-Distortion-Measurement\olcum_15x15_tarih_2026-08-07_11-45-14\P188_0.000_-21.400.png,P188_0.000_-21.400,0.0,-21.4,1019.1480421228504,1300.1860203844635,C:\Users\Moon\Desktop\OPTİK KISIM\Gimbal\kods\GZGSG-Distortion-Measurement\olcum_15x15_tarih_2026-08-07_09-57-14\P188_0.000_-21.400.png,both,-1.3208085563099985,-0.9721783447137113,1.6400201146181086
P189_11.420_-21.400,11.42,-21.4,12,8,1089.99435480074,1300.8926403228518,C:\Users\Moon\Desktop\OPTİK KISIM\Gimbal\kods\GZGSG-Distortion-Measurement\olcum_15x15_tarih_2026-08-07_11-45-14\P189_11.420_-21.400.png,P189_11.420_-21.400,11.42,-21.4,1088.6331657235503,1299.9593036148085,C:\Users\Moon\Desktop\OPTİK KISIM\Gimbal\kods\GZGSG-Distortion-Measurement\olcum_15x15_tarih_2026-08-07_09-57-14\P189_11.420_-21.400.png,both,-1.3611890771896924,-0.9333367080432708,1.6504402789684867
P190_22.840_-21.400,22.84,-21.4,12,9,1160.85113179091,1301.5632103741464,C:\Users\Moon\Desktop\OPTİK KISIM\Gimbal\kods\GZGSG-Distortion-Measurement\olcum_15x15_tarih_2026-08-07_11-45-14\P190_22.840_-21.400.png,P190_22.840_-21.400,22.84,-21.4,1158.2566579583224,1301.0639665026974,C:\Users\Moon\Desktop\OPTİK KISIM\Gimbal\kods\GZGSG-Distortion-Measurement\olcum_15x15_tarih_2026-08-07_09-57-14\P190_22.840_-21.400.png,both,-2.5944738325874823,-0.49924387144892535,2.642070951197278
P191_34.260_-21.400,34.26,-21.4,12,10,1226.8681905766225,1303.9472731290684,C:\Users\Moon\Desktop\OPTİK KISIM\Gimbal\kods\GZGSG-Distortion-Measurement\olcum_15x15_tarih_2026-08-07_11-45-14\P191_34.260_-21.400.png,P191_34.260_-21.400,34.26,-21.4,1225.811585064066,1302.7937858596229,C:\Users\Moon\Desktop\OPTİK KISIM\Gimbal\kods\GZGSG-Distortion-Measurement\olcum_15x15_tarih_2026-08-07_09-57-14\P191_34.260_-21.400.png,both,-1.0566055125564162,-1.1534872694455771,1.564272383550135
P192_45.680_-21.400,45.68,-21.4,12,11,1293.8627726124182,1302.826698231239,C:\Users\Moon\Desktop\OPTİK KISIM\Gimbal\kods\GZGSG-Distortion-Measurement\olcum_15x15_tarih_2026-08-07_11-45-14\P192_45.680_-21.400.png,P192_45.680_-21.400,45.68,-21.4,1292.9823140097517,1302.0110305704382,C:\Users\Moon\Desktop\OPTİK KISIM\Gimbal\kods\GZGSG-Distortion-Measurement\olcum_15x15_tarih_2026-08-07_09-57-14\P192_45.680_-21.400.png,both,-0.880458602666522,-0.8156676608009548,1.200217098647568
P193_57.100_-21.400,57.1,-21.4,12,12,1355.9317217637454,1300.9638272228344,C:\Users\Moon\Desktop\OPTİK KISIM\Gimbal\kods\GZGSG-Distortion-Measurement\olcum_15x15_tarih_2026-08-07_11-45-14\P193_57.100_-21.400.png,P193_57.100_-21.400,57.1,-21.4,1354.7693764606736,1299.7445605743362,C:\Users\Moon\Desktop\OPTİK KISIM\Gimbal\kods\GZGSG-Distortion-Measurement\olcum_15x15_tarih_2026-08-07_09-57-14\P193_57.100_-21.400.png,both,-1.1623453030717883,-1.2192666484982055,1.6845348805272908
P194_68.520_-21.400,68.52,-21.4,12,13,1416.102221921696,1303.2111996318326,C:\Users\Moon\Desktop\OPTİK KISIM\Gimbal\kods\GZGSG-Distortion-Measurement\olcum_15x15_tarih_2026-08-07_11-45-14\P194_68.520_-21.400.png,P194_68.520_-21.400,68.52,-21.4,1416.952759464076,1303.9067401214188,C:\Users\Moon\Desktop\OPTİK KISIM\Gimbal\kods\GZGSG-Distortion-Measurement\olcum_15x15_tarih_2026-08-07_09-57-14\P194_68.520_-21.400.png,both,0.8505375423801524,0.6955404895861648,1.0987222959655598
P195_79.940_-21.400,79.94,-21.4,12,14,1478.791818398363,1300.0564947181128,C:\Users\Moon\Desktop\OPTİK KISIM\Gimbal\kods\GZGSG-Distortion-Measurement\olcum_15x15_tarih_2026-08-07_11-45-14\P195_79.940_-21.400.png,P195_79.940_-21.400,79.94,-21.4,1478.8601592177072,1299.2171777631556,C:\Users\Moon\Desktop\OPTİK KISIM\Gimbal\kods\GZGSG-Distortion-Measurement\olcum_15x15_tarih_2026-08-07_09-57-14\P195_79.940_-21.400.png,both,0.0683408193442574,-0.8393169549572121,0.8420946612271636
P196_-79.940_-25.680,-79.94,-25.68,13,0,575.6671150062078,1330.0808392280094,C:\Users\Moon\Desktop\OPTİK KISIM\Gimbal\kods\GZGSG-Distortion-Measurement\olcum_15x15_tarih_2026-08-07_11-45-14\P196_-79.940_-25.680.png,P196_-79.940_-25.680,-79.94,-25.68,573.3047031802208,1325.9956414038038,C:\Users\Moon\Desktop\OPTİK KISIM\Gimbal\kods\GZGSG-Distortion-Measurement\olcum_15x15_tarih_2026-08-07_09-57-14\P196_-79.940_-25.680.png,both,-2.36241182598701,-4.085197824205579,4.719092168887706
P197_-68.520_-25.680,-68.52,-25.68,13,1,627.6765427468629,1327.7795765856335,C:\Users\Moon\Desktop\OPTİK KISIM\Gimbal\kods\GZGSG-Distortion-Measurement\olcum_15x15_tarih_2026-08-07_11-45-14\P197_-68.520_-25.680.png,P197_-68.520_-25.680,-68.52,-25.68,625.7678183849687,1327.2043326069988,C:\Users\Moon\Desktop\OPTİK KISIM\Gimbal\kods\GZGSG-Distortion-Measurement\olcum_15x15_tarih_2026-08-07_09-57-14\P197_-68.520_-25.680.png,both,-1.9087243618942011,-0.5752439786347168,1.9935230935817934
P198_-57.100_-25.680,-57.1,-25.68,13,2,688.5526517255176,1339.0384170264606,C:\Users\Moon\Desktop\OPTİK KISIM\Gimbal\kods\GZGSG-Distortion-Measurement\olcum_15x15_tarih_2026-08-07_11-45-14\P198_-57.100_-25.680.png,P198_-57.100_-25.680,-57.1,-25.68,687.3331374362881,1338.6981045147013,C:\Users\Moon\Desktop\OPTİK KISIM\Gimbal\kods\GZGSG-Distortion-Measurement\olcum_15x15_tarih_2026-08-07_09-57-14\P198_-57.100_-25.680.png,both,-1.2195142892295507,-0.34031251175929356,1.2661073048106846
P199_-45.680_-25.680,-45.68,-25.68,13,3,751.8229486026768,1341.722869131144,C:\Users\Moon\Desktop\OPTİK KISIM\Gimbal\kods\GZGSG-Distortion-Measurement\olcum_15x15_tarih_2026-08-07_11-45-14\P199_-45.680_-25.680.png,P199_-45.680_-25.680,-45.68,-25.68,750.7770808769209,1341.040866548922,C:\Users\Moon\Desktop\OPTİK KISIM\Gimbal\kods\GZGSG-Distortion-Measurement\olcum_15x15_tarih_2026-08-07_09-57-14\P199_-45.680_-25.680.png,both,-1.0458677257558975,-0.6820025822221396,1.2485859289354015
P200_-34.260_-25.680,-34.26,-25.68,13,4,815.6122913174183,1346.8070878270312,C:\Users\Moon\Desktop\OPTİK KISIM\Gimbal\kods\GZGSG-Distortion-Measurement\olcum_15x15_tarih_2026-08-07_11-45-14\P200_-34.260_-25.680.png,P200_-34.260_-25.680,-34.26,-25.68,813.7515833616317,1343.1293909650017,C:\Users\Moon\Desktop\OPTİK KISIM\Gimbal\kods\GZGSG-Distortion-Measurement\olcum_15x15_tarih_2026-08-07_09-57-14\P200_-34.260_-25.680.png,both,-1.8607079557866655,-3.6776968620295065,4.121612342968401
P201_-22.840_-25.680,-22.84,-25.68,13,5,882.4558718495617,1348.673254539762,C:\Users\Moon\Desktop\OPTİK KISIM\Gimbal\kods\GZGSG-Distortion-Measurement\olcum_15x15_tarih_2026-08-07_11-45-14\P201_-22.840_-25.680.png,P201_-22.840_-25.680,-22.84,-25.68,882.1280497260825,1347.976852306066,C:\Users\Moon\Desktop\OPTİK KISIM\Gimbal\kods\GZGSG-Distortion-Measurement\olcum_15x15_tarih_2026-08-07_09-57-14\P201_-22.840_-25.680.png,both,-0.3278221234792227,-0.6964022336960625,0.7697034596123964
P202_-11.420_-25.680,-11.42,-25.68,13,6,950.0844135076414,1349.3697024322423,C:\Users\Moon\Desktop\OPTİK KISIM\Gimbal\kods\GZGSG-Distortion-Measurement\olcum_15x15_tarih_2026-08-07_11-45-14\P202_-11.420_-25.680.png,P202_-11.420_-25.680,-11.42,-25.68,950.4258278702304,1348.4696103750566,C:\Users\Moon\Desktop\OPTİK KISIM\Gimbal\kods\GZGSG-Distortion-Measurement\olcum_15x15_tarih_2026-08-07_09-57-14\P202_-11.420_-25.680.png,both,0.341414362588921,-0.9000920571857023,0.9626678962086503
P203_0.000_-25.680,0.0,-25.68,13,7,1018.7679418001338,1350.4702849633184,C:\Users\Moon\Desktop\OPTİK KISIM\Gimbal\kods\GZGSG-Distortion-Measurement\olcum_15x15_tarih_2026-08-07_11-45-14\P203_0.000_-25.680.png,P203_0.000_-25.680,0.0,-25.68,1018.4690043133072,1349.6673048026132,C:\Users\Moon\Desktop\OPTİK KISIM\Gimbal\kods\GZGSG-Distortion-Measurement\olcum_15x15_tarih_2026-08-07_09-57-14\P203_0.000_-25.680.png,both,-0.2989374868266168,-0.8029801607051468,0.8568201442054668
P204_11.420_-25.680,11.42,-25.68,13,8,1087.6814494291443,1352.6270910130709,C:\Users\Moon\Desktop\OPTİK KISIM\Gimbal\kods\GZGSG-Distortion-Measurement\olcum_15x15_tarih_2026-08-07_11-45-14\P204_11.420_-25.680.png,P204_11.420_-25.680,11.42,-25.68,1087.3358716626587,1351.703724064771,C:\Users\Moon\Desktop\OPTİK KISIM\Gimbal\kods\GZGSG-Distortion-Measurement\olcum_15x15_tarih_2026-08-07_09-57-14\P204_11.420_-25.680.png,both,-0.3455777664855759,-0.9233669482998721,0.9859160785288867
P205_22.840_-25.680,22.84,-25.68,13,9,1155.844902274078,1354.0915963353953,C:\Users\Moon\Desktop\OPTİK KISIM\Gimbal\kods\GZGSG-Distortion-Measurement\olcum_15x15_tarih_2026-08-07_11-45-14\P205_22.840_-25.680.png,P205_22.840_-25.680,22.84,-25.68,1154.9693400073838,1353.01938189396,C:\Users\Moon\Desktop\OPTİK KISIM\Gimbal\kods\GZGSG-Distortion-Measurement\olcum_15x15_tarih_2026-08-07_09-57-14\P205_22.840_-25.680.png,both,-0.87556226669426,-1.0722144414353352,1.3842879365512357
P206_34.260_-25.680,34.26,-25.68,13,10,1223.7867357973694,1352.5818705499842,C:\Users\Moon\Desktop\OPTİK KISIM\Gimbal\kods\GZGSG-Distortion-Measurement\olcum_15x15_tarih_2026-08-07_11-45-14\P206_34.260_-25.680.png,P206_34.260_-25.680,34.26,-25.68,1223.8550168611291,1351.6009865957449,C:\Users\Moon\Desktop\OPTİK KISIM\Gimbal\kods\GZGSG-Distortion-Measurement\olcum_15x15_tarih_2026-08-07_09-57-14\P206_34.260_-25.680.png,both,0.0682810637597413,-0.9808839542392889,0.9832576647818542
P207_45.680_-25.680,45.68,-25.68,13,11,1287.7470158461906,1351.6382559783858,C:\Users\Moon\Desktop\OPTİK KISIM\Gimbal\kods\GZGSG-Distortion-Measurement\olcum_15x15_tarih_2026-08-07_11-45-14\P207_45.680_-25.680.png,P207_45.680_-25.680,45.68,-25.68,1287.2280727476425,1350.4658444796264,C:\Users\Moon\Desktop\OPTİK KISIM\Gimbal\kods\GZGSG-Distortion-Measurement\olcum_15x15_tarih_2026-08-07_09-57-14\P207_45.680_-25.680.png,both,-0.5189430985481067,-1.172411498759402,1.2821273969282372
P208_57.100_-25.680,57.1,-25.68,13,12,1354.8628694666288,1347.6213387597684,C:\Users\Moon\Desktop\OPTİK KISIM\Gimbal\kods\GZGSG-Distortion-Measurement\olcum_15x15_tarih_2026-08-07_11-45-14\P208_57.100_-25.680.png,P208_57.100_-25.680,57.1,-25.68,1353.7991706764278,1346.715733075034,C:\Users\Moon\Desktop\OPTİK KISIM\Gimbal\kods\GZGSG-Distortion-Measurement\olcum_15x15_tarih_2026-08-07_09-57-14\P208_57.100_-25.680.png,both,-1.0636987902009878,-0.9056056847343825,1.3969884654134674
P209_68.520_-25.680,68.52,-25.68,13,13,1413.3245295858442,1348.8648589863114,C:\Users\Moon\Desktop\OPTİK KISIM\Gimbal\kods\GZGSG-Distortion-Measurement\olcum_15x15_tarih_2026-08-07_11-45-14\P209_68.520_-25.680.png,P209_68.520_-25.680,68.52,-25.68,1413.0234481958464,1347.4985345435398,C:\Users\Moon\Desktop\OPTİK KISIM\Gimbal\kods\GZGSG-Distortion-Measurement\olcum_15x15_tarih_2026-08-07_09-57-14\P209_68.520_-25.680.png,both,-0.301081389997762,-1.3663244427716563,1.399104172789954
P210_79.940_-25.680,79.94,-25.68,13,14,1469.729822581678,1347.2814583921063,C:\Users\Moon\Desktop\OPTİK KISIM\Gimbal\kods\GZGSG-Distortion-Measurement\olcum_15x15_tarih_2026-08-07_11-45-14\P210_79.940_-25.680.png,P210_79.940_-25.680,79.94,-25.68,1469.3075067335235,1346.4787153475474,C:\Users\Moon\Desktop\OPTİK KISIM\Gimbal\kods\GZGSG-Distortion-Measurement\olcum_15x15_tarih_2026-08-07_09-57-14\P210_79.940_-25.680.png,both,-0.4223158481545397,-0.8027430445588379,0.9070540618894116
P211_-79.940_-29.960,-79.94,-29.96,14,0,579.7971428790435,1378.6002077275675,C:\Users\Moon\Desktop\OPTİK KISIM\Gimbal\kods\GZGSG-Distortion-Measurement\olcum_15x15_tarih_2026-08-07_11-45-14\P211_-79.940_-29.960.png,P211_-79.940_-29.960,-79.94,-29.96,579.4601464347718,1377.4815890791294,C:\Users\Moon\Desktop\OPTİK KISIM\Gimbal\kods\GZGSG-Distortion-Measurement\olcum_15x15_tarih_2026-08-07_09-57-14\P211_-79.940_-29.960.png,both,-0.3369964442716764,-1.118618648438087,1.1682783418711506
P212_-68.520_-29.960,-68.52,-29.96,14,1,634.8200099790367,1386.9827231073184,C:\Users\Moon\Desktop\OPTİK KISIM\Gimbal\kods\GZGSG-Distortion-Measurement\olcum_15x15_tarih_2026-08-07_11-45-14\P212_-68.520_-29.960.png,P212_-68.520_-29.960,-68.52,-29.96,632.5334982902899,1386.0214701788752,C:\Users\Moon\Desktop\OPTİK KISIM\Gimbal\kods\GZGSG-Distortion-Measurement\olcum_15x15_tarih_2026-08-07_09-57-14\P212_-68.520_-29.960.png,both,-2.2865116887468275,-0.961252928443173,2.4803513652739695
P213_-57.100_-29.960,-57.1,-29.96,14,2,694.884120438009,1387.5199512966778,C:\Users\Moon\Desktop\OPTİK KISIM\Gimbal\kods\GZGSG-Distortion-Measurement\olcum_15x15_tarih_2026-08-07_11-45-14\P213_-57.100_-29.960.png,P213_-57.100_-29.960,-57.1,-29.96,693.2094039580967,1386.7624142720174,C:\Users\Moon\Desktop\OPTİK KISIM\Gimbal\kods\GZGSG-Distortion-Measurement\olcum_15x15_tarih_2026-08-07_09-57-14\P213_-57.100_-29.960.png,both,-1.674716479912263,-0.7575370246604507,1.8380798763440966
P214_-45.680_-29.960,-45.68,-29.96,14,3,758.8546195149321,1391.7015705566157,C:\Users\Moon\Desktop\OPTİK KISIM\Gimbal\kods\GZGSG-Distortion-Measurement\olcum_15x15_tarih_2026-08-07_11-45-14\P214_-45.680_-29.960.png,P214_-45.680_-29.960,-45.68,-29.96,753.9272476222988,1387.605303502297,C:\Users\Moon\Desktop\OPTİK KISIM\Gimbal\kods\GZGSG-Distortion-Measurement\olcum_15x15_tarih_2026-08-07_09-57-14\P214_-45.680_-29.960.png,both,-4.927371892633346,-4.096267054318787,6.40768269724794
P215_-34.260_-29.960,-34.26,-29.96,14,4,818.9980262258977,1394.9469407854242,C:\Users\Moon\Desktop\OPTİK KISIM\Gimbal\kods\GZGSG-Distortion-Measurement\olcum_15x15_tarih_2026-08-07_11-45-14\P215_-34.260_-29.960.png,P215_-34.260_-29.960,-34.26,-29.96,817.326851003301,1394.249700913878,C:\Users\Moon\Desktop\OPTİK KISIM\Gimbal\kods\GZGSG-Distortion-Measurement\olcum_15x15_tarih_2026-08-07_09-57-14\P215_-34.260_-29.960.png,both,-1.6711752225966165,-0.6972398715461168,1.8107926615420376
P216_-22.840_-29.960,-22.84,-29.96,14,5,883.352060786257,1399.6531774033697,C:\Users\Moon\Desktop\OPTİK KISIM\Gimbal\kods\GZGSG-Distortion-Measurement\olcum_15x15_tarih_2026-08-07_11-45-14\P216_-22.840_-29.960.png,P216_-22.840_-29.960,-22.84,-29.96,883.1280792953588,1398.844655350205,C:\Users\Moon\Desktop\OPTİK KISIM\Gimbal\kods\GZGSG-Distortion-Measurement\olcum_15x15_tarih_2026-08-07_09-57-14\P216_-22.840_-29.960.png,both,-0.22398149089815433,-0.8085220531647792,0.8389729547004182
P217_-11.420_-29.960,-11.42,-29.96,14,6,948.832834173793,1398.804439880823,C:\Users\Moon\Desktop\OPTİK KISIM\Gimbal\kods\GZGSG-Distortion-Measurement\olcum_15x15_tarih_2026-08-07_11-45-14\P217_-11.420_-29.960.png,P217_-11.420_-29.960,-11.42,-29.96,949.3306549989672,1398.4618222591348,C:\Users\Moon\Desktop\OPTİK KISIM\Gimbal\kods\GZGSG-Distortion-Measurement\olcum_15x15_tarih_2026-08-07_09-57-14\P217_-11.420_-29.960.png,both,0.4978208251742444,-0.342617621688305,0.6043280637770483
P218_0.000_-29.960,0.0,-29.96,14,7,1018.731830786949,1401.1641968806198,C:\Users\Moon\Desktop\OPTİK KISIM\Gimbal\kods\GZGSG-Distortion-Measurement\olcum_15x15_tarih_2026-08-07_11-45-14\P218_0.000_-29.960.png,P218_0.000_-29.960,0.0,-29.96,1018.0323839908696,1400.1286346069048,C:\Users\Moon\Desktop\OPTİK KISIM\Gimbal\kods\GZGSG-Distortion-Measurement\olcum_15x15_tarih_2026-08-07_09-57-14\P218_0.000_-29.960.png,both,-0.6994467960794282,-1.0355622737149588,1.2496459671792937
P219_11.420_-29.960,11.42,-29.96,14,8,1084.4711536453497,1401.9790932762369,C:\Users\Moon\Desktop\OPTİK KISIM\Gimbal\kods\GZGSG-Distortion-Measurement\olcum_15x15_tarih_2026-08-07_11-45-14\P219_11.420_-29.960.png,P219_11.420_-29.960,11.42,-29.96,1084.1573578730558,1401.4122477213402,C:\Users\Moon\Desktop\OPTİK KISIM\Gimbal\kods\GZGSG-Distortion-Measurement\olcum_15x15_tarih_2026-08-07_09-57-14\P219_11.420_-29.960.png,both,-0.3137957722938154,-0.5668455548966449,0.6479056025499065
P220_22.840_-29.960,22.84,-29.96,14,9,1150.5689533741315,1401.2991811768327,C:\Users\Moon\Desktop\OPTİK KISIM\Gimbal\kods\GZGSG-Distortion-Measurement\olcum_15x15_tarih_2026-08-07_11-45-14\P220_22.840_-29.960.png,P220_22.840_-29.960,22.84,-29.96,1149.9099689424268,1400.459461019027,C:\Users\Moon\Desktop\OPTİK KISIM\Gimbal\kods\GZGSG-Distortion-Measurement\olcum_15x15_tarih_2026-08-07_09-57-14\P220_22.840_-29.960.png,both,-0.6589844317047664,-0.8397201578056865,1.0674223272231385
P221_34.260_-29.960,34.26,-29.96,14,10,1218.55397310093,1401.8648048067807,C:\Users\Moon\Desktop\OPTİK KISIM\Gimbal\kods\GZGSG-Distortion-Measurement\olcum_15x15_tarih_2026-08-07_11-45-14\P221_34.260_-29.960.png,P221_34.260_-29.960,34.26,-29.96,1218.447219575985,1400.685880107287,C:\Users\Moon\Desktop\OPTİK KISIM\Gimbal\kods\GZGSG-Distortion-Measurement\olcum_15x15_tarih_2026-08-07_09-57-14\P221_34.260_-29.960.png,both,-0.1067535249451339,-1.1789246994937912,1.1837481835951162
P222_45.680_-29.960,45.68,-29.96,14,11,1282.4926932603312,1400.4607591361405,C:\Users\Moon\Desktop\OPTİK KISIM\Gimbal\kods\GZGSG-Distortion-Measurement\olcum_15x15_tarih_2026-08-07_11-45-14\P222_45.680_-29.960.png,P222_45.680_-29.960,45.68,-29.96,1281.4935498430405,1399.9368187758512,C:\Users\Moon\Desktop\OPTİK KISIM\Gimbal\kods\GZGSG-Distortion-Measurement\olcum_15x15_tarih_2026-08-07_09-57-14\P222_45.680_-29.960.png,both,-0.9991434172907248,-0.5239403602893162,1.1281848560654792
P223_57.100_-29.960,57.1,-29.96,14,12,1347.6092584979435,1402.8393988731589,C:\Users\Moon\Desktop\OPTİK KISIM\Gimbal\kods\GZGSG-Distortion-Measurement\olcum_15x15_tarih_2026-08-07_11-45-14\P223_57.100_-29.960.png,P223_57.100_-29.960,57.1,-29.96,1348.020817187827,1402.480901917057,C:\Users\Moon\Desktop\OPTİK KISIM\Gimbal\kods\GZGSG-Distortion-Measurement\olcum_15x15_tarih_2026-08-07_09-57-14\P223_57.100_-29.960.png,both,0.41155868988357724,-0.358496956101817,0.5458027324528109
P224_68.520_-29.960,68.52,-29.96,14,13,1403.9329345250662,1401.4672695709291,C:\Users\Moon\Desktop\OPTİK KISIM\Gimbal\kods\GZGSG-Distortion-Measurement\olcum_15x15_tarih_2026-08-07_11-45-14\P224_68.520_-29.960.png,P224_68.520_-29.960,68.52,-29.96,1405.9184892483,1400.657479291966,C:\Users\Moon\Desktop\OPTİK KISIM\Gimbal\kods\GZGSG-Distortion-Measurement\olcum_15x15_tarih_2026-08-07_09-57-14\P224_68.520_-29.960.png,both,1.9855547232336903,-0.8097902789631917,2.144338558823886
P225_79.940_-29.960,79.94,-29.96,14,14,1461.613104588809,1395.124912790602,C:\Users\Moon\Desktop\OPTİK KISIM\Gimbal\kods\GZGSG-Distortion-Measurement\olcum_15x15_tarih_2026-08-07_11-45-14\P225_79.940_-29.960.png,P225_79.940_-29.960,79.94,-29.96,1462.097416155473,1394.2736622321806,C:\Users\Moon\Desktop\OPTİK KISIM\Gimbal\kods\GZGSG-Distortion-Measurement\olcum_15x15_tarih_2026-08-07_09-57-14\P225_79.940_-29.960.png,both,0.48431156666401876,-0.8512505584212704,0.9793800114445266
